﻿county,year,totalPopulation
Custer,1990,"1,926"
San Juan,1990,745
Kiowa,1990,"1,688"
Ouray,1990,"2,295"
Crowley,1990,"3,946"
Boulder,1990,"226,022"
Rio Grande,1990,"10,770"
Phillips,1990,"4,189"
Archuleta,1990,"5,352"
Delta,1990,"20,980"
Moffat,1990,"11,357"
Saguache,1990,"4,619"
Otero,1990,"20,185"
La Plata,1990,"32,466"
Denver,1990,"467,856"
Douglas,1990,"61,562"
Mineral,1990,558
Yuma,1990,"8,954"
Dolores,1990,"1,504"
Montezuma,1990,"18,672"
Las Animas,1990,"13,765"
Prowers,1990,"13,240"
Mesa,1990,"93,572"
Gunnison,1990,"10,273"
Sedgwick,1990,"2,690"
Costilla,1990,"3,190"
Larimer,1990,"187,078"
Jackson,1990,"1,605"
Grand,1990,"7,967"
Clear Creek,1990,"7,619"
Arapahoe,1990,"393,289"
Gilpin,1990,"3,070"
Baca,1990,"4,556"
Broomfield,1990,0
Rio Blanco,1990,"6,063"
Cheyenne,1990,"2,397"
Bent,1990,"5,048"
Lincoln,1990,"4,715"
Elbert,1990,"9,746"
Weld,1990,"131,964"
Conejos,1990,"7,453"
Hinsdale,1990,467
Fremont,1990,"32,221"
Park,1990,"7,260"
Teller,1990,"12,471"
Alamosa,1990,"13,617"
San Miguel,1990,"3,723"
Adams,1990,"265,709"
Summit,1990,"12,926"
Jefferson,1990,"439,886"
Pueblo,1990,"122,886"
Morgan,1990,"22,073"
Eagle,1990,"22,106"
Chaffee,1990,"12,684"
El Paso,1990,"397,889"
Garfield,1990,"30,149"
Washington,1990,"4,812"
Pitkin,1990,"12,661"
Huerfano,1990,"6,009"
Montrose,1990,"24,563"
Lake,1990,"6,007"
Logan,1990,"17,491"
Routt,1990,"14,169"
Kit Carson,1990,"7,140"
San Miguel,1991,"4,124"
Cheyenne,1991,"2,477"
Pueblo,1991,"123,482"
Boulder,1991,"230,977"
San Juan,1991,703
Arapahoe,1991,"403,200"
Mineral,1991,571
Rio Blanco,1991,"6,024"
Conejos,1991,"7,535"
Baca,1991,"4,438"
Alamosa,1991,"13,641"
Morgan,1991,"22,703"
Lincoln,1991,"5,432"
Otero,1991,"20,374"
Larimer,1991,"193,546"
Moffat,1991,"11,453"
Bent,1991,"4,965"
Kit Carson,1991,"7,156"
Costilla,1991,"3,264"
Sedgwick,1991,"2,668"
Elbert,1991,"10,267"
Summit,1991,"13,469"
Huerfano,1991,"6,060"
Custer,1991,"2,010"
Grand,1991,"8,391"
Chaffee,1991,"12,866"
Douglas,1991,"66,688"
Hinsdale,1991,449
Jackson,1991,"1,560"
Phillips,1991,"4,201"
Archuleta,1991,"5,624"
Jefferson,1991,"449,663"
Crowley,1991,"3,974"
Gilpin,1991,"3,091"
Montrose,1991,"25,272"
Dolores,1991,"1,432"
Park,1991,"7,699"
Montezuma,1991,"19,062"
Routt,1991,"14,729"
Gunnison,1991,"10,413"
La Plata,1991,"33,411"
Ouray,1991,"2,414"
Lake,1991,"6,136"
Kiowa,1991,"1,682"
Delta,1991,"21,227"
Washington,1991,"4,784"
Denver,1991,"475,184"
Garfield,1991,"31,228"
Eagle,1991,"23,459"
Prowers,1991,"12,961"
Rio Grande,1991,"10,842"
Adams,1991,"273,620"
Las Animas,1991,"13,816"
Logan,1991,"17,499"
Broomfield,1991,0
Teller,1991,"12,717"
Yuma,1991,"9,007"
Saguache,1991,"4,735"
Weld,1991,"135,739"
Pitkin,1991,"12,984"
Mesa,1991,"95,990"
El Paso,1991,"405,951"
Fremont,1991,"32,236"
Clear Creek,1991,"7,663"
Prowers,1992,"13,102"
Gunnison,1992,"10,771"
Baca,1992,"4,298"
Pueblo,1992,"124,412"
Elbert,1992,"10,764"
Kiowa,1992,"1,700"
Logan,1992,"17,567"
Boulder,1992,"238,392"
Dolores,1992,"1,401"
Saguache,1992,"4,796"
San Juan,1992,575
Lincoln,1992,"5,972"
La Plata,1992,"34,430"
Yuma,1992,"9,008"
Pitkin,1992,"13,365"
Otero,1992,"20,293"
Sedgwick,1992,"2,633"
Mesa,1992,"97,408"
Costilla,1992,"3,196"
Crowley,1992,"4,140"
Moffat,1992,"11,697"
Jackson,1992,"1,577"
Broomfield,1992,0
Montrose,1992,"26,219"
San Miguel,1992,"4,563"
Custer,1992,"2,139"
Eagle,1992,"24,938"
Summit,1992,"13,845"
Washington,1992,"4,892"
Cheyenne,1992,"2,407"
Fremont,1992,"33,818"
Phillips,1992,"4,230"
El Paso,1992,"422,819"
Chaffee,1992,"13,119"
Park,1992,"8,089"
Las Animas,1992,"14,034"
Rio Grande,1992,"10,944"
Conejos,1992,"7,513"
Grand,1992,"8,605"
Denver,1992,"488,265"
Douglas,1992,"75,360"
Clear Creek,1992,"7,834"
Garfield,1992,"31,348"
Larimer,1992,"199,664"
Bent,1992,"5,037"
Morgan,1992,"23,486"
Lake,1992,"6,208"
Weld,1992,"140,128"
Adams,1992,"281,386"
Teller,1992,"13,673"
Mineral,1992,582
Rio Blanco,1992,"6,177"
Alamosa,1992,"13,572"
Ouray,1992,"2,533"
Gilpin,1992,"3,239"
Arapahoe,1992,"417,678"
Archuleta,1992,"5,888"
Routt,1992,"15,153"
Kit Carson,1992,"7,234"
Jefferson,1992,"463,534"
Delta,1992,"21,870"
Montezuma,1992,"19,654"
Huerfano,1992,"6,182"
Hinsdale,1992,504
Elbert,1993,"11,535"
Grand,1993,"8,930"
Ouray,1993,"2,652"
Lincoln,1993,"5,882"
Broomfield,1993,0
Archuleta,1993,"6,183"
Mineral,1993,603
Fremont,1993,"36,504"
Yuma,1993,"9,172"
Jefferson,1993,"476,206"
Adams,1993,"290,782"
Garfield,1993,"32,579"
Morgan,1993,"24,238"
Bent,1993,"5,357"
Pitkin,1993,"14,060"
Saguache,1993,"4,831"
Gilpin,1993,"3,372"
Rio Blanco,1993,"6,261"
Prowers,1993,"13,420"
Custer,1993,"2,322"
Kit Carson,1993,"7,262"
Chaffee,1993,"13,702"
Logan,1993,"17,965"
Kiowa,1993,"1,700"
Otero,1993,"20,435"
Lake,1993,"6,265"
Alamosa,1993,"13,656"
Conejos,1993,"7,641"
Hinsdale,1993,535
Larimer,1993,"206,849"
Rio Grande,1993,"11,210"
Routt,1993,"15,925"
Cheyenne,1993,"2,307"
Baca,1993,"4,325"
Costilla,1993,"3,342"
Crowley,1993,"4,140"
San Juan,1993,541
Eagle,1993,"26,834"
Teller,1993,"14,734"
Phillips,1993,"4,373"
Weld,1993,"145,779"
Montezuma,1993,"20,645"
Sedgwick,1993,"2,650"
Montrose,1993,"27,284"
Douglas,1993,"83,128"
Jackson,1993,"1,628"
Las Animas,1993,"14,215"
Clear Creek,1993,"8,039"
Arapahoe,1993,"427,474"
Gunnison,1993,"11,306"
La Plata,1993,"35,595"
Huerfano,1993,"6,443"
Summit,1993,"15,189"
Mesa,1993,"99,901"
Delta,1993,"23,237"
Pueblo,1993,"126,356"
San Miguel,1993,"4,869"
Dolores,1993,"1,426"
Washington,1993,"5,139"
Boulder,1993,"247,282"
Denver,1993,"501,336"
Park,1993,"8,575"
Moffat,1993,"11,797"
El Paso,1993,"437,127"
Custer,1994,"2,414"
Pitkin,1994,"14,539"
Washington,1994,"5,220"
Sedgwick,1994,"2,660"
Montezuma,1994,"21,390"
Weld,1994,"151,375"
Clear Creek,1994,"8,460"
San Miguel,1994,"5,308"
El Paso,1994,"456,506"
Summit,1994,"17,107"
Chaffee,1994,"14,104"
Cheyenne,1994,"2,297"
Gunnison,1994,"11,667"
Arapahoe,1994,"436,413"
Archuleta,1994,"6,538"
Rio Grande,1994,"11,466"
Eagle,1994,"29,026"
Gilpin,1994,"3,499"
Logan,1994,"18,831"
Moffat,1994,"11,997"
Alamosa,1994,"13,826"
Pueblo,1994,"128,721"
Conejos,1994,"7,746"
Saguache,1994,"4,943"
Morgan,1994,"25,078"
Rio Blanco,1994,"6,318"
Teller,1994,"15,786"
Ouray,1994,"2,904"
Yuma,1994,"9,278"
Lake,1994,"6,378"
San Juan,1994,558
Douglas,1994,"92,530"
Denver,1994,"504,252"
Dolores,1994,"1,500"
Routt,1994,"16,619"
Larimer,1994,"214,930"
Otero,1994,"20,489"
Costilla,1994,"3,379"
Hinsdale,1994,614
Montrose,1994,"28,505"
Broomfield,1994,0
Boulder,1994,"252,726"
Kit Carson,1994,"7,340"
Phillips,1994,"4,403"
Bent,1994,"5,401"
Grand,1994,"9,348"
La Plata,1994,"36,904"
Las Animas,1994,"14,753"
Jefferson,1994,"483,432"
Delta,1994,"24,343"
Elbert,1994,"12,846"
Kiowa,1994,"1,698"
Mesa,1994,"102,757"
Lincoln,1994,"5,936"
Garfield,1994,"34,496"
Fremont,1994,"38,711"
Park,1994,"9,526"
Adams,1994,"300,793"
Crowley,1994,"4,213"
Prowers,1994,"13,693"
Baca,1994,"4,387"
Huerfano,1994,"6,914"
Jackson,1994,"1,646"
Mineral,1994,648
Baca,1995,"4,432"
Kiowa,1995,"1,638"
Las Animas,1995,"14,907"
Yuma,1995,"9,446"
Grand,1995,"9,952"
Montrose,1995,"29,669"
Teller,1995,"16,979"
Phillips,1995,"4,477"
Kit Carson,1995,"7,413"
Routt,1995,"17,257"
Boulder,1995,"257,502"
Crowley,1995,"4,220"
Park,1995,"10,575"
Mesa,1995,"105,412"
Eagle,1995,"30,882"
Larimer,1995,"221,626"
Mineral,1995,669
Chaffee,1995,"14,659"
Fremont,1995,"40,520"
El Paso,1995,"469,692"
Summit,1995,"18,274"
Gunnison,1995,"11,982"
Washington,1995,"5,236"
Costilla,1995,"3,521"
Arapahoe,1995,"442,542"
Weld,1995,"157,174"
Gilpin,1995,"3,670"
Huerfano,1995,"7,159"
Hinsdale,1995,657
Garfield,1995,"36,417"
Otero,1995,"20,698"
Lincoln,1995,"5,984"
Rio Blanco,1995,"6,400"
Ouray,1995,"3,080"
Clear Creek,1995,"8,686"
Pueblo,1995,"130,831"
Elbert,1995,"14,325"
Moffat,1995,"12,189"
Custer,1995,"2,621"
Cheyenne,1995,"2,270"
Conejos,1995,"7,877"
Douglas,1995,"103,836"
Saguache,1995,"5,273"
Adams,1995,"312,587"
Montezuma,1995,"22,159"
La Plata,1995,"38,760"
Sedgwick,1995,"2,652"
Alamosa,1995,"14,103"
Pitkin,1995,"14,652"
Archuleta,1995,"7,110"
Morgan,1995,"25,367"
San Juan,1995,581
Jackson,1995,"1,613"
Dolores,1995,"1,557"
Lake,1995,"7,148"
Delta,1995,"25,193"
Broomfield,1995,0
San Miguel,1995,"5,489"
Jefferson,1995,"491,314"
Denver,1995,"507,720"
Logan,1995,"19,372"
Rio Grande,1995,"11,695"
Bent,1995,"5,555"
Prowers,1995,"13,822"
Morgan,1996,"26,048"
Washington,1996,"5,224"
Eagle,1996,"32,928"
Delta,1996,"25,718"
Chaffee,1996,"15,124"
Costilla,1996,"3,586"
Adams,1996,"323,039"
Gilpin,1996,"3,789"
La Plata,1996,"39,700"
Jefferson,1996,"498,048"
Saguache,1996,"5,426"
Mineral,1996,735
Lake,1996,"7,554"
Prowers,1996,"14,009"
Clear Creek,1996,"8,722"
Archuleta,1996,"7,929"
Conejos,1996,"8,021"
Kiowa,1996,"1,662"
Boulder,1996,"261,769"
Pitkin,1996,"14,548"
Hinsdale,1996,710
Ouray,1996,"3,256"
Elbert,1996,"15,812"
Yuma,1996,"9,521"
Teller,1996,"18,134"
Gunnison,1996,"12,241"
San Juan,1996,591
Grand,1996,"10,512"
Logan,1996,"19,664"
Dolores,1996,"1,645"
Moffat,1996,"12,285"
Broomfield,1996,0
Weld,1996,"161,805"
Bent,1996,"5,625"
Custer,1996,"2,850"
Lincoln,1996,"6,113"
Alamosa,1996,"14,319"
Denver,1996,"518,260"
Baca,1996,"4,524"
Phillips,1996,"4,502"
Mesa,1996,"107,536"
Douglas,1996,"114,713"
Crowley,1996,"4,262"
Pueblo,1996,"132,502"
Rio Blanco,1996,"6,342"
Montrose,1996,"30,482"
Huerfano,1996,"7,395"
Routt,1996,"17,719"
Larimer,1996,"227,251"
Las Animas,1996,"14,974"
Park,1996,"11,382"
Otero,1996,"20,738"
Montezuma,1996,"22,645"
Sedgwick,1996,"2,681"
Cheyenne,1996,"2,284"
Rio Grande,1996,"11,822"
Arapahoe,1996,"451,067"
Kit Carson,1996,"7,479"
Jackson,1996,"1,593"
San Miguel,1996,"5,798"
Garfield,1996,"37,678"
Summit,1996,"19,396"
El Paso,1996,"476,988"
Fremont,1996,"41,831"
Jackson,1997,"1,599"
Washington,1997,"5,214"
Logan,1997,"20,006"
Alamosa,1997,"14,478"
Mineral,1997,745
Pitkin,1997,"14,796"
Montrose,1997,"31,251"
Delta,1997,"26,001"
Denver,1997,"527,442"
Eagle,1997,"35,206"
Grand,1997,"10,960"
Custer,1997,"3,060"
Las Animas,1997,"15,048"
San Juan,1997,572
Larimer,1997,"232,800"
Saguache,1997,"5,492"
Weld,1997,"166,839"
Garfield,1997,"38,887"
Clear Creek,1997,"8,880"
Rio Grande,1997,"11,968"
Broomfield,1997,0
Teller,1997,"19,069"
Jefferson,1997,"504,230"
Baca,1997,"4,560"
Montezuma,1997,"22,974"
Hinsdale,1997,739
Archuleta,1997,"8,528"
Sedgwick,1997,"2,730"
Phillips,1997,"4,575"
Cheyenne,1997,"2,297"
Adams,1997,"332,750"
Kiowa,1997,"1,660"
Otero,1997,"20,763"
Pueblo,1997,"134,794"
Routt,1997,"18,119"
Mesa,1997,"109,762"
San Miguel,1997,"5,952"
Lincoln,1997,"6,092"
Costilla,1997,"3,641"
Conejos,1997,"8,104"
Elbert,1997,"16,987"
Lake,1997,"7,870"
Boulder,1997,"266,064"
Douglas,1997,"129,329"
El Paso,1997,"486,808"
Bent,1997,"5,643"
Dolores,1997,"1,674"
Yuma,1997,"9,655"
Moffat,1997,"12,573"
Crowley,1997,"4,299"
Ouray,1997,"3,324"
Summit,1997,"20,352"
Kit Carson,1997,"7,601"
Gilpin,1997,"4,035"
Arapahoe,1997,"459,061"
Morgan,1997,"26,650"
Huerfano,1997,"7,667"
Park,1997,"12,364"
La Plata,1997,"40,319"
Rio Blanco,1997,"6,320"
Gunnison,1997,"12,396"
Prowers,1997,"14,118"
Fremont,1997,"42,854"
Chaffee,1997,"15,409"
Chaffee,1998,"15,528"
Park,1998,"13,061"
Jackson,1998,"1,591"
Logan,1998,"20,001"
Las Animas,1998,"15,050"
Otero,1998,"20,507"
Alamosa,1998,"14,621"
Weld,1998,"172,393"
Hinsdale,1998,775
Gilpin,1998,"4,241"
Routt,1998,"18,605"
Eagle,1998,"37,611"
San Juan,1998,552
Conejos,1998,"8,186"
Clear Creek,1998,"9,005"
Costilla,1998,"3,708"
San Miguel,1998,"6,452"
Kiowa,1998,"1,655"
Lake,1998,"7,827"
Rio Blanco,1998,"6,230"
Mineral,1998,778
Douglas,1998,"144,352"
Broomfield,1998,0
Sedgwick,1998,"2,679"
El Paso,1998,"498,018"
Crowley,1998,"4,283"
La Plata,1998,"41,170"
Rio Grande,1998,"12,117"
Delta,1998,"26,827"
Gunnison,1998,"13,444"
Lincoln,1998,"6,106"
Jefferson,1998,"512,482"
Larimer,1998,"239,080"
Baca,1998,"4,531"
Morgan,1998,"26,666"
Arapahoe,1998,"472,406"
Teller,1998,"19,671"
Summit,1998,"21,285"
Custer,1998,"3,174"
Garfield,1998,"41,225"
Montezuma,1998,"23,114"
Montrose,1998,"31,833"
Washington,1998,"5,155"
Yuma,1998,"9,806"
Grand,1998,"11,411"
Boulder,1998,"274,121"
Bent,1998,"6,001"
Pitkin,1998,"14,777"
Adams,1998,"344,025"
Prowers,1998,"14,223"
Huerfano,1998,"7,780"
Dolores,1998,"1,764"
Denver,1998,"533,409"
Kit Carson,1998,"7,756"
Cheyenne,1998,"2,340"
Elbert,1998,"18,030"
Ouray,1998,"3,457"
Moffat,1998,"12,810"
Pueblo,1998,"137,381"
Mesa,1998,"112,335"
Archuleta,1998,"9,133"
Saguache,1998,"5,564"
Phillips,1998,"4,565"
Fremont,1998,"43,817"
Crowley,1999,"5,002"
Park,1999,"13,904"
Dolores,1999,"1,810"
Mesa,1999,"114,570"
Rio Blanco,1999,"6,093"
Pueblo,1999,"139,718"
Otero,1999,"20,408"
Baca,1999,"4,522"
Prowers,1999,"14,372"
Washington,1999,"5,022"
Summit,1999,"22,568"
Custer,1999,"3,357"
Broomfield,1999,0
Arapahoe,1999,"481,307"
Chaffee,1999,"15,935"
Cheyenne,1999,"2,276"
Moffat,1999,"13,026"
Huerfano,1999,"7,830"
Eagle,1999,"39,910"
Larimer,1999,"246,158"
Weld,1999,"177,267"
Adams,1999,"355,309"
Kiowa,1999,"1,626"
Douglas,1999,"162,324"
Kit Carson,1999,"7,901"
Jefferson,1999,"520,811"
Rio Grande,1999,"12,288"
La Plata,1999,"42,757"
Elbert,1999,"19,086"
Pitkin,1999,"14,827"
Routt,1999,"19,232"
Montrose,1999,"32,750"
Yuma,1999,"9,818"
Phillips,1999,"4,519"
Lake,1999,"7,819"
Ouray,1999,"3,627"
San Miguel,1999,"6,531"
Bent,1999,"6,001"
Fremont,1999,"45,135"
Clear Creek,1999,"9,186"
Las Animas,1999,"15,138"
Sedgwick,1999,"2,718"
Costilla,1999,"3,680"
Logan,1999,"20,294"
Grand,1999,"11,996"
San Juan,1999,552
El Paso,1999,"508,809"
Conejos,1999,"8,313"
Gunnison,1999,"13,736"
Alamosa,1999,"14,825"
Montezuma,1999,"23,518"
Mineral,1999,807
Boulder,1999,"283,928"
Archuleta,1999,"9,570"
Saguache,1999,"5,772"
Teller,1999,"20,184"
Jackson,1999,"1,580"
Garfield,1999,"42,694"
Hinsdale,1999,787
Delta,1999,"27,408"
Denver,1999,"545,515"
Morgan,1999,"26,954"
Gilpin,1999,"4,538"
Lincoln,1999,"6,088"
Broomfield,2000,"38,545"
Kiowa,2000,"1,612"
Mineral,2000,836
Baca,2000,"4,500"
Denver,2000,"556,740"
Jackson,2000,"1,574"
Arapahoe,2000,"490,722"
Chaffee,2000,"16,312"
Sedgwick,2000,"2,742"
Moffat,2000,"13,182"
Huerfano,2000,"7,826"
Garfield,2000,"44,239"
Lincoln,2000,"6,164"
Crowley,2000,"5,128"
Rio Blanco,2000,"5,967"
Summit,2000,"25,708"
Logan,2000,"20,656"
Routt,2000,"20,122"
Park,2000,"14,728"
Pitkin,2000,"15,763"
Phillips,2000,"4,451"
Hinsdale,2000,792
Douglas,2000,"180,511"
Dolores,2000,"1,847"
Conejos,2000,"8,407"
Clear Creek,2000,"9,360"
Grand,2000,"12,852"
Yuma,2000,"9,815"
Archuleta,2000,"10,042"
Rio Grande,2000,"12,429"
Montrose,2000,"33,579"
Custer,2000,"3,518"
Jefferson,2000,"526,716"
Bent,2000,"5,966"
Boulder,2000,"276,254"
Morgan,2000,"27,250"
Adams,2000,"351,734"
Gilpin,2000,"4,807"
El Paso,2000,"519,803"
Lake,2000,"7,939"
Gunnison,2000,"13,988"
Otero,2000,"20,244"
Elbert,2000,"20,102"
Fremont,2000,"46,369"
Saguache,2000,"5,982"
Eagle,2000,"43,288"
Washington,2000,"4,942"
Las Animas,2000,"15,286"
Teller,2000,"21,067"
Delta,2000,"27,910"
Pueblo,2000,"141,854"
San Juan,2000,574
Costilla,2000,"3,673"
La Plata,2000,"44,578"
San Miguel,2000,"6,614"
Cheyenne,2000,"2,214"
Montezuma,2000,"23,852"
Ouray,2000,"3,776"
Mesa,2000,"117,649"
Alamosa,2000,"15,097"
Kit Carson,2000,"7,975"
Prowers,2000,"14,452"
Weld,2000,"183,074"
Larimer,2000,"253,087"
Pitkin,2001,"16,183"
Otero,2001,"19,899"
Moffat,2001,"13,090"
Lincoln,2001,"6,072"
Gilpin,2001,"4,830"
Yuma,2001,"9,833"
Pueblo,2001,"143,993"
Routt,2001,"20,430"
Morgan,2001,"27,473"
Summit,2001,"26,290"
Denver,2001,"563,301"
El Paso,2001,"536,336"
Hinsdale,2001,801
Boulder,2001,"283,508"
Jefferson,2001,"528,070"
Dolores,2001,"1,861"
Eagle,2001,"44,440"
Montrose,2001,"34,443"
Arapahoe,2001,"501,667"
San Juan,2001,568
Alamosa,2001,"15,230"
Clear Creek,2001,"9,468"
Sedgwick,2001,"2,694"
Adams,2001,"359,441"
Mesa,2001,"119,864"
Costilla,2001,"3,740"
Kit Carson,2001,"8,078"
Mineral,2001,822
Elbert,2001,"21,294"
Las Animas,2001,"15,314"
Weld,2001,"192,478"
Douglas,2001,"199,035"
Broomfield,2001,"41,386"
Rio Blanco,2001,"5,880"
San Miguel,2001,"6,901"
Washington,2001,"4,895"
Delta,2001,"28,388"
Phillips,2001,"4,488"
Crowley,2001,"5,249"
La Plata,2001,"45,648"
Saguache,2001,"6,080"
Archuleta,2001,"10,464"
Logan,2001,"22,359"
Baca,2001,"4,445"
Lake,2001,"7,819"
Chaffee,2001,"16,411"
Prowers,2001,"14,106"
Park,2001,"15,175"
Bent,2001,"5,878"
Huerfano,2001,"7,903"
Larimer,2001,"260,911"
Rio Grande,2001,"12,404"
Gunnison,2001,"14,340"
Montezuma,2001,"23,873"
Jackson,2001,"1,590"
Grand,2001,"13,282"
Ouray,2001,"3,812"
Garfield,2001,"45,909"
Teller,2001,"21,737"
Conejos,2001,"8,364"
Kiowa,2001,"1,607"
Custer,2001,"3,728"
Cheyenne,2001,"2,170"
Fremont,2001,"46,738"
Alamosa,2002,"15,271"
Delta,2002,"28,776"
Huerfano,2002,"7,916"
Prowers,2002,"14,006"
Lake,2002,"7,726"
Boulder,2002,"284,434"
Arapahoe,2002,"510,500"
Mineral,2002,806
Sedgwick,2002,"2,691"
Montrose,2002,"34,932"
Rio Blanco,2002,"5,936"
Archuleta,2002,"10,695"
Jackson,2002,"1,590"
Custer,2002,"3,781"
Saguache,2002,"6,244"
Grand,2002,"13,458"
El Paso,2002,"545,239"
Douglas,2002,"209,706"
Eagle,2002,"45,104"
Broomfield,2002,"42,430"
Bent,2002,"6,205"
Mesa,2002,"121,786"
Adams,2002,"371,182"
San Miguel,2002,"7,040"
Ouray,2002,"3,905"
Kit Carson,2002,"8,287"
Gilpin,2002,"4,834"
San Juan,2002,599
Denver,2002,"559,088"
Cheyenne,2002,"2,164"
Pitkin,2002,"16,102"
Lincoln,2002,"6,046"
Garfield,2002,"46,728"
Morgan,2002,"27,663"
Otero,2002,"19,625"
Teller,2002,"21,988"
Dolores,2002,"1,880"
Elbert,2002,"21,606"
Chaffee,2002,"16,642"
Clear Creek,2002,"9,462"
La Plata,2002,"46,087"
Yuma,2002,"9,949"
Pueblo,2002,"146,482"
Weld,2002,"198,974"
Washington,2002,"5,255"
Conejos,2002,"8,388"
Rio Grande,2002,"12,407"
Gunnison,2002,"14,310"
Costilla,2002,"3,735"
Crowley,2002,"5,349"
Park,2002,"15,415"
Hinsdale,2002,805
Fremont,2002,"46,971"
Larimer,2002,"266,177"
Baca,2002,"4,315"
Moffat,2002,"13,127"
Montezuma,2002,"24,107"
Las Animas,2002,"15,658"
Routt,2002,"20,893"
Jefferson,2002,"527,541"
Kiowa,2002,"1,566"
Phillips,2002,"4,497"
Summit,2002,"26,514"
Logan,2002,"22,098"
Bent,2003,"6,658"
Mineral,2003,829
Phillips,2003,"4,476"
Hinsdale,2003,785
Gunnison,2003,"14,208"
Saguache,2003,"6,281"
Kiowa,2003,"1,556"
Prowers,2003,"13,824"
Montezuma,2003,"24,379"
Rio Blanco,2003,"5,854"
Crowley,2003,"5,161"
Eagle,2003,"45,757"
Rio Grande,2003,"12,622"
Grand,2003,"13,681"
Garfield,2003,"47,483"
Adams,2003,"377,669"
Logan,2003,"22,374"
Archuleta,2003,"10,965"
Morgan,2003,"27,852"
Jackson,2003,"1,587"
El Paso,2003,"551,671"
Montrose,2003,"35,637"
Baca,2003,"4,257"
Otero,2003,"19,666"
Costilla,2003,"3,799"
Chaffee,2003,"16,793"
Pitkin,2003,"16,275"
Yuma,2003,"10,093"
Huerfano,2003,"8,044"
Denver,2003,"560,350"
Boulder,2003,"282,761"
Park,2003,"15,787"
Douglas,2003,"221,146"
Conejos,2003,"8,387"
Washington,2003,"5,141"
Lake,2003,"7,521"
Kit Carson,2003,"8,186"
Routt,2003,"21,125"
Delta,2003,"29,067"
Gilpin,2003,"4,847"
San Miguel,2003,"7,013"
Lincoln,2003,"6,058"
Clear Creek,2003,"9,514"
Alamosa,2003,"15,358"
Jefferson,2003,"525,428"
Summit,2003,"26,707"
Fremont,2003,"46,825"
Elbert,2003,"21,938"
San Juan,2003,612
Arapahoe,2003,"516,352"
Moffat,2003,"13,053"
Custer,2003,"3,936"
Cheyenne,2003,"2,117"
Ouray,2003,"3,908"
Teller,2003,"22,220"
Mesa,2003,"124,150"
Pueblo,2003,"147,967"
Sedgwick,2003,"2,715"
La Plata,2003,"46,449"
Larimer,2003,"268,147"
Broomfield,2003,"44,957"
Dolores,2003,"1,876"
Weld,2003,"207,156"
Las Animas,2003,"16,089"
San Juan,2004,634
Routt,2004,"21,292"
Park,2004,"15,914"
Weld,2004,"214,065"
Pueblo,2004,"148,721"
Prowers,2004,"13,659"
Fremont,2004,"46,537"
Sedgwick,2004,"2,610"
Teller,2004,"22,215"
Huerfano,2004,"7,731"
Conejos,2004,"8,503"
Summit,2004,"26,705"
Gilpin,2004,"4,826"
Clear Creek,2004,"9,459"
Adams,2004,"385,940"
Logan,2004,"22,178"
Montrose,2004,"36,129"
Hinsdale,2004,833
Phillips,2004,"4,584"
Ouray,2004,"4,028"
Las Animas,2004,"15,702"
Costilla,2004,"3,802"
Eagle,2004,"46,480"
Lincoln,2004,"5,905"
Dolores,2004,"1,870"
Mesa,2004,"126,625"
Chaffee,2004,"16,943"
Bent,2004,"6,362"
Washington,2004,"5,061"
Garfield,2004,"48,159"
Rio Blanco,2004,"5,903"
Yuma,2004,"9,887"
Mineral,2004,850
Cheyenne,2004,"2,058"
Delta,2004,"29,452"
Otero,2004,"19,561"
Pitkin,2004,"16,077"
San Miguel,2004,"7,024"
Denver,2004,"560,225"
Lake,2004,"7,414"
Arapahoe,2004,"523,717"
Grand,2004,"13,917"
Baca,2004,"4,163"
Jefferson,2004,"524,880"
Jackson,2004,"1,522"
Archuleta,2004,"11,169"
Larimer,2004,"273,262"
Gunnison,2004,"14,226"
Kiowa,2004,"1,527"
El Paso,2004,"558,449"
Elbert,2004,"22,040"
Douglas,2004,"233,644"
Rio Grande,2004,"12,830"
Alamosa,2004,"15,412"
Boulder,2004,"283,288"
Kit Carson,2004,"8,259"
Moffat,2004,"13,061"
Crowley,2004,"5,435"
Broomfield,2004,"46,403"
Morgan,2004,"27,915"
Saguache,2004,"6,242"
Custer,2004,"3,984"
La Plata,2004,"46,927"
Montezuma,2004,"24,602"
Adams,2005,"395,381"
Alamosa,2005,"15,391"
Arapahoe,2005,"528,217"
Archuleta,2005,"11,402"
Baca,2005,"4,100"
Bent,2005,"6,262"
Boulder,2005,"282,913"
Broomfield,2005,"48,250"
Chaffee,2005,"17,019"
Cheyenne,2005,"2,042"
Clear Creek,2005,"9,391"
Conejos,2005,"8,499"
Costilla,2005,"3,696"
Crowley,2005,"5,436"
Custer,2005,"4,045"
Delta,2005,"29,409"
Denver,2005,"559,459"
Dolores,2005,"1,886"
Douglas,2005,"244,445"
Eagle,2005,"47,278"
El Paso,2005,"569,322"
Elbert,2005,"22,259"
Fremont,2005,"46,448"
Garfield,2005,"49,261"
Gilpin,2005,"4,893"
Grand,2005,"13,893"
Gunnison,2005,"14,473"
Hinsdale,2005,808
Huerfano,2005,"7,821"
Jackson,2005,"1,489"
Jefferson,2005,"523,518"
Kiowa,2005,"1,540"
Kit Carson,2005,"7,998"
La Plata,2005,"47,710"
Lake,2005,"7,287"
Larimer,2005,"275,871"
Las Animas,2005,"15,570"
Lincoln,2005,"5,789"
Logan,2005,"22,082"
Mesa,2005,"128,998"
Mineral,2005,805
Moffat,2005,"12,962"
Montezuma,2005,"24,600"
Montrose,2005,"36,999"
Morgan,2005,"27,949"
Otero,2005,"19,370"
Ouray,2005,"4,083"
Park,2005,"16,063"
Phillips,2005,"4,547"
Pitkin,2005,"16,134"
Prowers,2005,"13,509"
Pueblo,2005,"149,974"
Rio Blanco,2005,"5,820"
Rio Grande,2005,"12,695"
Routt,2005,"21,456"
Saguache,2005,"6,286"
San Juan,2005,647
San Miguel,2005,"7,045"
Sedgwick,2005,"2,575"
Summit,2005,"26,621"
Teller,2005,"22,507"
Washington,2005,"4,997"
Weld,2005,"223,431"
Yuma,2005,"9,891"
Adams,2006,"407,588"
Alamosa,2006,"15,353"
Arapahoe,2006,"536,049"
Archuleta,2006,"11,800"
Baca,2006,"4,086"
Bent,2006,"6,076"
Boulder,2006,"286,134"
Broomfield,2006,"51,151"
Chaffee,2006,"16,983"
Cheyenne,2006,"1,979"
Clear Creek,2006,"9,278"
Conejos,2006,"8,471"
Costilla,2006,"3,700"
Crowley,2006,"5,708"
Custer,2006,"4,023"
Delta,2006,"29,705"
Denver,2006,"562,863"
Dolores,2006,"1,990"
Douglas,2006,"257,832"
Eagle,2006,"48,215"
El Paso,2006,"582,501"
Elbert,2006,"22,526"
Fremont,2006,"46,702"
Garfield,2006,"51,106"
Gilpin,2006,"4,953"
Grand,2006,"14,137"
Gunnison,2006,"14,648"
Hinsdale,2006,829
Huerfano,2006,"7,749"
Jackson,2006,"1,441"
Jefferson,2006,"524,579"
Kiowa,2006,"1,517"
Kit Carson,2006,"7,944"
La Plata,2006,"48,408"
Lake,2006,"7,219"
Larimer,2006,"281,026"
Las Animas,2006,"15,554"
Lincoln,2006,"5,668"
Logan,2006,"22,270"
Mesa,2006,"133,129"
Mineral,2006,791
Moffat,2006,"13,105"
Montezuma,2006,"25,017"
Montrose,2006,"37,973"
Morgan,2006,"27,983"
Otero,2006,"19,188"
Ouray,2006,"4,138"
Park,2006,"16,129"
Phillips,2006,"4,505"
Pitkin,2006,"16,087"
Prowers,2006,"13,210"
Pueblo,2006,"152,061"
Rio Blanco,2006,"5,978"
Rio Grande,2006,"12,432"
Routt,2006,"21,889"
Saguache,2006,"6,242"
San Juan,2006,673
San Miguel,2006,"7,057"
Sedgwick,2006,"2,510"
Summit,2006,"26,837"
Teller,2006,"22,791"
Washington,2006,"4,981"
Weld,2006,"231,284"
Yuma,2006,"9,919"
Adams,2007,"415,917"
Alamosa,2007,"15,294"
Arapahoe,2007,"545,876"
Archuleta,2007,"12,104"
Baca,2007,"3,998"
Bent,2007,"5,770"
Boulder,2007,"288,754"
Broomfield,2007,"53,333"
Chaffee,2007,"17,234"
Cheyenne,2007,"1,911"
Clear Creek,2007,"9,334"
Conejos,2007,"8,434"
Costilla,2007,"3,677"
Crowley,2007,"5,911"
Custer,2007,"4,124"
Delta,2007,"29,872"
Denver,2007,"570,438"
Dolores,2007,"2,003"
Douglas,2007,"268,597"
Eagle,2007,"49,286"
El Paso,2007,"588,777"
Elbert,2007,"22,480"
Fremont,2007,"46,662"
Garfield,2007,"52,677"
Gilpin,2007,"4,956"
Grand,2007,"14,341"
Gunnison,2007,"14,950"
Hinsdale,2007,847
Huerfano,2007,"7,659"
Jackson,2007,"1,423"
Jefferson,2007,"527,121"
Kiowa,2007,"1,472"
Kit Carson,2007,"7,835"
La Plata,2007,"49,151"
Lake,2007,"7,270"
Larimer,2007,"286,752"
Las Animas,2007,"15,525"
Lincoln,2007,"5,570"
Logan,2007,"22,402"
Mesa,2007,"137,389"
Mineral,2007,808
Moffat,2007,"13,273"
Montezuma,2007,"25,184"
Montrose,2007,"39,129"
Morgan,2007,"27,849"
Otero,2007,"18,941"
Ouray,2007,"4,275"
Park,2007,"16,337"
Phillips,2007,"4,484"
Pitkin,2007,"16,235"
Prowers,2007,"12,777"
Pueblo,2007,"154,759"
Rio Blanco,2007,"6,090"
Rio Grande,2007,"12,166"
Routt,2007,"22,410"
Saguache,2007,"6,153"
San Juan,2007,689
San Miguel,2007,"7,276"
Sedgwick,2007,"2,425"
Summit,2007,"27,168"
Teller,2007,"23,167"
Washington,2007,"4,925"
Weld,2007,"238,279"
Yuma,2007,"9,882"
Adams,2008,"425,134"
Alamosa,2008,"15,345"
Arapahoe,2008,"556,252"
Archuleta,2008,"12,070"
Baca,2008,"3,903"
Bent,2008,"6,010"
Boulder,2008,"291,826"
Broomfield,2008,"54,399"
Chaffee,2008,"17,399"
Cheyenne,2008,"1,903"
Clear Creek,2008,"9,294"
Conejos,2008,"8,383"
Costilla,2008,"3,614"
Crowley,2008,"5,890"
Custer,2008,"4,119"
Delta,2008,"30,340"
Denver,2008,"581,905"
Dolores,2008,"2,074"
Douglas,2008,"276,743"
Eagle,2008,"50,301"
El Paso,2008,"599,064"
Elbert,2008,"22,664"
Fremont,2008,"46,777"
Garfield,2008,"54,228"
Gilpin,2008,"5,084"
Grand,2008,"14,531"
Gunnison,2008,"15,138"
Hinsdale,2008,825
Huerfano,2008,"7,676"
Jackson,2008,"1,384"
Jefferson,2008,"530,564"
Kiowa,2008,"1,430"
Kit Carson,2008,"8,042"
La Plata,2008,"50,074"
Lake,2008,"7,270"
Larimer,2008,"292,389"
Las Animas,2008,"15,487"
Lincoln,2008,"5,517"
Logan,2008,"22,320"
Mesa,2008,"140,678"
Mineral,2008,769
Moffat,2008,"13,443"
Montezuma,2008,"25,197"
Montrose,2008,"39,947"
Morgan,2008,"27,742"
Otero,2008,"18,854"
Ouray,2008,"4,407"
Park,2008,"16,277"
Phillips,2008,"4,449"
Pitkin,2008,"16,674"
Prowers,2008,"12,687"
Pueblo,2008,"156,250"
Rio Blanco,2008,"6,161"
Rio Grande,2008,"12,106"
Routt,2008,"22,934"
Saguache,2008,"6,181"
San Juan,2008,700
San Miguel,2008,"7,306"
Sedgwick,2008,"2,422"
Summit,2008,"27,463"
Teller,2008,"23,103"
Washington,2008,"4,802"
Weld,2008,"244,115"
Yuma,2008,"9,895"
Adams,2009,"436,321"
Alamosa,2009,"15,305"
Arapahoe,2009,"566,477"
Archuleta,2009,"11,900"
Baca,2009,"3,816"
Bent,2009,"6,484"
Boulder,2009,"293,641"
Broomfield,2009,"55,378"
Chaffee,2009,"17,603"
Cheyenne,2009,"1,829"
Clear Creek,2009,"9,064"
Conejos,2009,"8,211"
Costilla,2009,"3,504"
Crowley,2009,"5,800"
Custer,2009,"4,165"
Delta,2009,"30,628"
Denver,2009,"595,575"
Dolores,2009,"2,051"
Douglas,2009,"282,161"
Eagle,2009,"51,522"
El Paso,2009,"608,519"
Elbert,2009,"22,892"
Fremont,2009,"46,637"
Garfield,2009,"55,401"
Gilpin,2009,"5,392"
Grand,2009,"14,660"
Gunnison,2009,"15,269"
Hinsdale,2009,828
Huerfano,2009,"6,712"
Jackson,2009,"1,386"
Jefferson,2009,"532,604"
Kiowa,2009,"1,393"
Kit Carson,2009,"8,269"
La Plata,2009,"50,760"
Lake,2009,"7,174"
Larimer,2009,"297,501"
Las Animas,2009,"15,478"
Lincoln,2009,"5,465"
Logan,2009,"22,515"
Mesa,2009,"144,794"
Mineral,2009,712
Moffat,2009,"13,540"
Montezuma,2009,"25,362"
Montrose,2009,"40,685"
Morgan,2009,"28,027"
Otero,2009,"18,847"
Ouray,2009,"4,372"
Park,2009,"15,965"
Phillips,2009,"4,461"
Pitkin,2009,"17,056"
Prowers,2009,"12,577"
Pueblo,2009,"157,323"
Rio Blanco,2009,"6,316"
Rio Grande,2009,"11,996"
Routt,2009,"23,325"
Saguache,2009,"6,128"
San Juan,2009,681
San Miguel,2009,"7,271"
Sedgwick,2009,"2,379"
Summit,2009,"27,780"
Teller,2009,"23,201"
Washington,2009,"4,777"
Weld,2009,"248,959"
Yuma,2009,"10,032"
Adams,2010,"443,711"
Alamosa,2010,"15,474"
Arapahoe,2010,"574,819"
Archuleta,2010,"12,060"
Baca,2010,"3,795"
Bent,2010,"6,506"
Boulder,2010,"295,605"
Broomfield,2010,"56,107"
Chaffee,2010,"17,797"
Cheyenne,2010,"1,834"
Clear Creek,2010,"9,155"
Conejos,2010,"8,282"
Costilla,2010,"3,532"
Crowley,2010,"5,838"
Custer,2010,"4,272"
Delta,2010,"30,889"
Denver,2010,"604,879"
Dolores,2010,"2,060"
Douglas,2010,"287,124"
Eagle,2010,"52,057"
El Paso,2010,"627,232"
Elbert,2010,"23,107"
Fremont,2010,"46,854"
Garfield,2010,"56,150"
Gilpin,2010,"5,463"
Grand,2010,"14,790"
Gunnison,2010,"15,309"
Hinsdale,2010,843
Huerfano,2010,"6,655"
Jackson,2010,"1,387"
Jefferson,2010,"535,651"
Kiowa,2010,"1,399"
Kit Carson,2010,"8,267"
La Plata,2010,"51,441"
Lake,2010,"7,282"
Larimer,2010,"300,532"
Las Animas,2010,"15,407"
Lincoln,2010,"5,474"
Logan,2010,"22,293"
Mesa,2010,"147,155"
Mineral,2010,705
Moffat,2010,"13,806"
Montezuma,2010,"25,532"
Montrose,2010,"41,188"
Morgan,2010,"28,196"
Otero,2010,"18,838"
Ouray,2010,"4,446"
Park,2010,"16,262"
Phillips,2010,"4,465"
Pitkin,2010,"17,156"
Prowers,2010,"12,531"
Pueblo,2010,"159,496"
Rio Blanco,2010,"6,617"
Rio Grande,2010,"12,001"
Routt,2010,"23,439"
Saguache,2010,"6,144"
San Juan,2010,709
San Miguel,2010,"7,356"
Sedgwick,2010,"2,367"
Summit,2010,"28,073"
Teller,2010,"23,441"
Washington,2010,"4,815"
Weld,2010,"254,230"
Yuma,2010,"10,032"
Adams,2011,"452,184"
Alamosa,2011,"15,525"
Arapahoe,2011,"585,817"
Archuleta,2011,"11,957"
Baca,2011,"3,758"
Bent,2011,"6,356"
Boulder,2011,"300,524"
Broomfield,2011,"57,575"
Chaffee,2011,"17,937"
Cheyenne,2011,"1,833"
Clear Creek,2011,"9,028"
Conejos,2011,"8,197"
Costilla,2011,"3,520"
Crowley,2011,"5,831"
Custer,2011,"4,320"
Delta,2011,"30,435"
Denver,2011,"620,228"
Dolores,2011,"2,053"
Douglas,2011,"292,623"
Eagle,2011,"52,124"
El Paso,2011,"639,137"
Elbert,2011,"23,032"
Fremont,2011,"47,075"
Garfield,2011,"56,271"
Gilpin,2011,"5,480"
Grand,2011,"14,843"
Gunnison,2011,"15,347"
Hinsdale,2011,841
Huerfano,2011,"6,674"
Jackson,2011,"1,382"
Jefferson,2011,"540,625"
Kiowa,2011,"1,380"
Kit Carson,2011,"8,165"
La Plata,2011,"51,805"
Lake,2011,"7,238"
Larimer,2011,"305,342"
Las Animas,2011,"15,325"
Lincoln,2011,"5,488"
Logan,2011,"22,208"
Mesa,2011,"147,953"
Mineral,2011,703
Moffat,2011,"13,452"
Montezuma,2011,"25,522"
Montrose,2011,"41,249"
Morgan,2011,"28,427"
Otero,2011,"18,829"
Ouray,2011,"4,405"
Park,2011,"15,896"
Phillips,2011,"4,481"
Pitkin,2011,"17,122"
Prowers,2011,"12,482"
Pueblo,2011,"159,837"
Rio Blanco,2011,"6,738"
Rio Grande,2011,"11,954"
Routt,2011,"23,481"
Saguache,2011,"6,159"
San Juan,2011,710
San Miguel,2011,"7,486"
Sedgwick,2011,"2,370"
Summit,2011,"28,081"
Teller,2011,"23,264"
Washington,2011,"4,610"
Weld,2011,"258,709"
Yuma,2011,"10,110"
Adams,2012,"460,468"
Alamosa,2012,"15,606"
Arapahoe,2012,"596,226"
Archuleta,2012,"11,989"
Baca,2012,"3,702"
Bent,2012,"5,865"
Boulder,2012,"305,880"
Broomfield,2012,"59,275"
Chaffee,2012,"17,968"
Cheyenne,2012,"1,825"
Clear Creek,2012,"9,016"
Conejos,2012,"8,137"
Costilla,2012,"3,513"
Crowley,2012,"5,838"
Custer,2012,"4,371"
Delta,2012,"30,554"
Denver,2012,"632,922"
Dolores,2012,"2,077"
Douglas,2012,"298,735"
Eagle,2012,"52,158"
El Paso,2012,"648,443"
Elbert,2012,"23,033"
Fremont,2012,"47,130"
Garfield,2012,"56,418"
Gilpin,2012,"5,500"
Grand,2012,"14,925"
Gunnison,2012,"15,269"
Hinsdale,2012,835
Huerfano,2012,"6,689"
Jackson,2012,"1,378"
Jefferson,2012,"546,628"
Kiowa,2012,"1,381"
Kit Carson,2012,"8,084"
La Plata,2012,"52,316"
Lake,2012,"7,100"
Larimer,2012,"310,960"
Las Animas,2012,"15,248"
Lincoln,2012,"5,501"
Logan,2012,"22,130"
Mesa,2012,"147,941"
Mineral,2012,720
Moffat,2012,"13,214"
Montezuma,2012,"25,496"
Montrose,2012,"41,300"
Morgan,2012,"28,249"
Otero,2012,"18,816"
Ouray,2012,"4,471"
Park,2012,"15,737"
Phillips,2012,"4,479"
Pitkin,2012,"17,200"
Prowers,2012,"12,394"
Pueblo,2012,"160,334"
Rio Blanco,2012,"6,793"
Rio Grande,2012,"11,914"
Routt,2012,"23,530"
Saguache,2012,"6,158"
San Juan,2012,702
San Miguel,2012,"7,573"
Sedgwick,2012,"2,374"
Summit,2012,"28,386"
Teller,2012,"23,270"
Washington,2012,"4,562"
Weld,2012,"263,852"
Yuma,2012,"10,077"
Adams,2013,"469,878"
Alamosa,2013,"15,714"
Arapahoe,2013,"607,859"
Archuleta,2013,"11,993"
Baca,2013,"3,635"
Bent,2013,"5,799"
Boulder,2013,"310,897"
Broomfield,2013,"60,664"
Chaffee,2013,"18,035"
Cheyenne,2013,"1,816"
Clear Creek,2013,"8,965"
Conejos,2013,"8,071"
Costilla,2013,"3,517"
Crowley,2013,"5,847"
Custer,2013,"4,407"
Delta,2013,"30,425"
Denver,2013,"645,303"
Dolores,2013,"2,082"
Douglas,2013,"306,329"
Eagle,2013,"52,262"
El Paso,2013,"658,299"
Elbert,2013,"23,184"
Fremont,2013,"47,181"
Garfield,2013,"56,801"
Gilpin,2013,"5,511"
Grand,2013,"14,948"
Gunnison,2013,"15,421"
Hinsdale,2013,825
Huerfano,2013,"6,701"
Jackson,2013,"1,389"
Jefferson,2013,"552,241"
Kiowa,2013,"1,400"
Kit Carson,2013,"8,011"
La Plata,2013,"53,140"
Lake,2013,"7,077"
Larimer,2013,"316,339"
Las Animas,2013,"15,168"
Lincoln,2013,"5,517"
Logan,2013,"22,051"
Mesa,2013,"147,928"
Mineral,2013,736
Moffat,2013,"13,192"
Montezuma,2013,"25,482"
Montrose,2013,"41,331"
Morgan,2013,"28,250"
Otero,2013,"18,798"
Ouray,2013,"4,519"
Park,2013,"15,727"
Phillips,2013,"4,485"
Pitkin,2013,"17,318"
Prowers,2013,"12,287"
Pueblo,2013,"160,563"
Rio Blanco,2013,"6,762"
Rio Grande,2013,"11,866"
Routt,2013,"23,576"
Saguache,2013,"6,163"
San Juan,2013,706
San Miguel,2013,"7,612"
Sedgwick,2013,"2,383"
Summit,2013,"28,861"
Teller,2013,"23,107"
Washington,2013,"4,617"
Weld,2013,"269,766"
Yuma,2013,"10,138"
Adams,2014,"479,904"
Alamosa,2014,"15,792"
Arapahoe,2014,"618,311"
Archuleta,2014,"11,932"
Baca,2014,"3,566"
Bent,2014,"5,845"
Boulder,2014,"314,218"
Broomfield,2014,"62,504"
Chaffee,2014,"18,065"
Cheyenne,2014,"1,813"
Clear Creek,2014,"9,035"
Conejos,2014,"7,993"
Costilla,2014,"3,516"
Crowley,2014,"5,841"
Custer,2014,"4,440"
Delta,2014,"30,065"
Denver,2014,"658,632"
Dolores,2014,"2,081"
Douglas,2014,"314,613"
Eagle,2014,"52,399"
El Paso,2014,"665,764"
Elbert,2014,"23,569"
Fremont,2014,"47,116"
Garfield,2014,"57,135"
Gilpin,2014,"5,537"
Grand,2014,"14,932"
Gunnison,2014,"15,553"
Hinsdale,2014,822
Huerfano,2014,"6,703"
Jackson,2014,"1,375"
Jefferson,2014,"559,017"
Kiowa,2014,"1,397"
Kit Carson,2014,"7,665"
La Plata,2014,"53,560"
Lake,2014,"7,089"
Larimer,2014,"324,125"
Las Animas,2014,"15,085"
Lincoln,2014,"5,542"
Logan,2014,"21,964"
Mesa,2014,"147,874"
Mineral,2014,741
Moffat,2014,"13,012"
Montezuma,2014,"25,469"
Montrose,2014,"41,385"
Morgan,2014,"28,165"
Otero,2014,"18,781"
Ouray,2014,"4,531"
Park,2014,"15,778"
Phillips,2014,"4,492"
Pitkin,2014,"17,517"
Prowers,2014,"12,022"
Pueblo,2014,"160,871"
Rio Blanco,2014,"6,652"
Rio Grande,2014,"11,823"
Routt,2014,"23,661"
Saguache,2014,"6,174"
San Juan,2014,702
San Miguel,2014,"7,730"
Sedgwick,2014,"2,384"
Summit,2014,"29,499"
Teller,2014,"23,117"
Washington,2014,"4,610"
Weld,2014,"275,990"
Yuma,2014,"10,181"
Adams,2015,"490,355"
Alamosa,2015,"15,887"
Arapahoe,2015,"629,968"
Archuleta,2015,"12,006"
Baca,2015,"3,533"
Bent,2015,"5,965"
Boulder,2015,"320,350"
Broomfield,2015,"65,828"
Chaffee,2015,"18,103"
Cheyenne,2015,"1,806"
Clear Creek,2015,"9,160"
Conejos,2015,"7,928"
Costilla,2015,"3,515"
Crowley,2015,"5,840"
Custer,2015,"4,467"
Delta,2015,"30,039"
Denver,2015,"675,533"
Dolores,2015,"2,083"
Douglas,2015,"322,083"
Eagle,2015,"52,786"
El Paso,2015,"677,973"
Elbert,2015,"24,062"
Fremont,2015,"47,213"
Garfield,2015,"57,498"
Gilpin,2015,"5,546"
Grand,2015,"14,958"
Gunnison,2015,"15,822"
Hinsdale,2015,813
Huerfano,2015,"6,710"
Jackson,2015,"1,377"
Jefferson,2015,"565,161"
Kiowa,2015,"1,406"
Kit Carson,2015,"7,566"
La Plata,2015,"54,302"
Lake,2015,"7,157"
Larimer,2015,"333,446"
Las Animas,2015,"14,994"
Lincoln,2015,"5,549"
Logan,2015,"21,874"
Mesa,2015,"148,778"
Mineral,2015,750
Moffat,2015,"13,039"
Montezuma,2015,"25,519"
Montrose,2015,"41,458"
Morgan,2015,"28,339"
Otero,2015,"18,819"
Ouray,2015,"4,551"
Park,2015,"15,974"
Phillips,2015,"4,504"
Pitkin,2015,"17,702"
Prowers,2015,"11,885"
Pueblo,2015,"162,447"
Rio Blanco,2015,"6,620"
Rio Grande,2015,"11,778"
Routt,2015,"23,823"
Saguache,2015,"6,180"
San Juan,2015,701
San Miguel,2015,"7,823"
Sedgwick,2015,"2,388"
Summit,2015,"30,264"
Teller,2015,"23,008"
Washington,2015,"4,683"
Weld,2015,"284,861"
Yuma,2015,"10,041"
Adams,2016,"497,822"
Alamosa,2016,"15,934"
Arapahoe,2016,"637,657"
Archuleta,2016,"12,362"
Baca,2016,"3,508"
Bent,2016,"5,754"
Boulder,2016,"323,957"
Broomfield,2016,"67,702"
Chaffee,2016,"18,518"
Cheyenne,2016,"1,790"
Clear Creek,2016,"9,238"
Conejos,2016,"7,844"
Costilla,2016,"3,516"
Crowley,2016,"5,838"
Custer,2016,"4,499"
Delta,2016,"30,490"
Denver,2016,"686,469"
Dolores,2016,"2,090"
Douglas,2016,"328,338"
Eagle,2016,"53,039"
El Paso,2016,"692,291"
Elbert,2016,"24,448"
Fremont,2016,"47,286"
Garfield,2016,"58,162"
Gilpin,2016,"5,578"
Grand,2016,"15,042"
Gunnison,2016,"16,084"
Hinsdale,2016,808
Huerfano,2016,"6,721"
Jackson,2016,"1,377"
Jefferson,2016,"571,744"
Kiowa,2016,"1,424"
Kit Carson,2016,"7,480"
La Plata,2016,"54,879"
Lake,2016,"7,239"
Larimer,2016,"339,126"
Las Animas,2016,"14,906"
Lincoln,2016,"5,576"
Logan,2016,"21,776"
Mesa,2016,"150,345"
Mineral,2016,771
Moffat,2016,"13,266"
Montezuma,2016,"25,543"
Montrose,2016,"41,595"
Morgan,2016,"28,288"
Otero,2016,"18,792"
Ouray,2016,"4,718"
Park,2016,"16,464"
Phillips,2016,"4,503"
Pitkin,2016,"17,689"
Prowers,2016,"11,884"
Pueblo,2016,"164,122"
Rio Blanco,2016,"6,620"
Rio Grande,2016,"11,731"
Routt,2016,"23,951"
Saguache,2016,"6,190"
San Juan,2016,697
San Miguel,2016,"8,004"
Sedgwick,2016,"2,390"
Summit,2016,"30,820"
Teller,2016,"23,606"
Washington,2016,"4,745"
Weld,2016,"294,518"
Yuma,2016,"10,051"
Adams,2017,"503,706"
Alamosa,2017,"16,053"
Arapahoe,2017,"642,977"
Archuleta,2017,"12,759"
Baca,2017,"3,524"
Bent,2017,"5,969"
Boulder,2017,"325,420"
Broomfield,2017,"69,658"
Chaffee,2017,"18,970"
Cheyenne,2017,"1,787"
Clear Creek,2017,"9,418"
Conejos,2017,"7,754"
Costilla,2017,"3,518"
Crowley,2017,"5,832"
Custer,2017,"4,542"
Delta,2017,"30,706"
Denver,2017,"693,135"
Dolores,2017,"2,085"
Douglas,2017,"335,938"
Eagle,2017,"53,719"
El Paso,2017,"704,794"
Elbert,2017,"24,946"
Fremont,2017,"47,574"
Garfield,2017,"58,870"
Gilpin,2017,"5,634"
Grand,2017,"15,144"
Gunnison,2017,"16,467"
Hinsdale,2017,806
Huerfano,2017,"6,739"
Jackson,2017,"1,379"
Jefferson,2017,"575,924"
Kiowa,2017,"1,424"
Kit Carson,2017,"7,402"
La Plata,2017,"55,034"
Lake,2017,"7,355"
Larimer,2017,"344,189"
Las Animas,2017,"14,813"
Lincoln,2017,"5,597"
Logan,2017,"21,696"
Mesa,2017,"152,150"
Mineral,2017,782
Moffat,2017,"13,225"
Montezuma,2017,"25,561"
Montrose,2017,"41,765"
Morgan,2017,"28,424"
Otero,2017,"18,762"
Ouray,2017,"4,729"
Park,2017,"16,863"
Phillips,2017,"4,511"
Pitkin,2017,"17,657"
Prowers,2017,"11,930"
Pueblo,2017,"165,553"
Rio Blanco,2017,"6,567"
Rio Grande,2017,"11,689"
Routt,2017,"24,169"
Saguache,2017,"6,210"
San Juan,2017,696
San Miguel,2017,"8,013"
Sedgwick,2017,"2,398"
Summit,2017,"31,135"
Teller,2017,"24,156"
Washington,2017,"4,844"
Weld,2017,"304,596"
Yuma,2017,"9,970"
Adams,2018,"511,420"
Alamosa,2018,"16,183"
Arapahoe,2018,"650,166"
Archuleta,2018,"13,033"
Baca,2018,"3,548"
Bent,2018,"5,979"
Boulder,2018,"328,058"
Broomfield,2018,"71,320"
Chaffee,2018,"19,248"
Cheyenne,2018,"1,786"
Clear Creek,2018,"9,390"
Conejos,2018,"7,662"
Costilla,2018,"3,512"
Crowley,2018,"5,839"
Custer,2018,"4,589"
Delta,2018,"31,035"
Denver,2018,"702,680"
Dolores,2018,"2,090"
Douglas,2018,"343,262"
Eagle,2018,"54,207"
El Paso,2018,"717,809"
Elbert,2018,"25,364"
Fremont,2018,"47,988"
Garfield,2018,"59,770"
Gilpin,2018,"5,705"
Grand,2018,"15,262"
Gunnison,2018,"16,679"
Hinsdale,2018,799
Huerfano,2018,"6,756"
Jackson,2018,"1,377"
Jefferson,2018,"579,822"
Kiowa,2018,"1,441"
Kit Carson,2018,"7,280"
La Plata,2018,"55,733"
Lake,2018,"7,329"
Larimer,2018,"350,663"
Las Animas,2018,"14,727"
Lincoln,2018,"5,622"
Logan,2018,"21,615"
Mesa,2018,"154,045"
Mineral,2018,812
Moffat,2018,"13,292"
Montezuma,2018,"25,607"
Montrose,2018,"42,083"
Morgan,2018,"28,936"
Otero,2018,"18,757"
Ouray,2018,"4,735"
Park,2018,"17,369"
Phillips,2018,"4,517"
Pitkin,2018,"17,645"
Prowers,2018,"11,969"
Pueblo,2018,"166,685"
Rio Blanco,2018,"6,588"
Rio Grande,2018,"11,647"
Routt,2018,"24,312"
Saguache,2018,"6,272"
San Juan,2018,702
San Miguel,2018,"8,154"
Sedgwick,2018,"2,401"
Summit,2018,"31,093"
Teller,2018,"24,522"
Washington,2018,"4,814"
Weld,2018,"313,213"
Yuma,2018,"9,956"
Adams,2019,"516,480"
Alamosa,2019,"16,244"
Arapahoe,2019,"653,808"
Archuleta,2019,"13,189"
Baca,2019,"3,569"
Bent,2019,"5,979"
Boulder,2019,"328,830"
Broomfield,2019,"72,670"
Chaffee,2019,"19,392"
Cheyenne,2019,"1,777"
Clear Creek,2019,"9,415"
Conejos,2019,"7,548"
Costilla,2019,"3,501"
Crowley,2019,"5,843"
Custer,2019,"4,641"
Delta,2019,"31,235"
Denver,2019,"710,137"
Dolores,2019,"2,085"
Douglas,2019,"351,208"
Eagle,2019,"54,817"
El Paso,2019,"725,496"
Elbert,2019,"25,668"
Fremont,2019,"48,382"
Garfield,2019,"60,559"
Gilpin,2019,"5,750"
Grand,2019,"15,406"
Gunnison,2019,"16,940"
Hinsdale,2019,802
Huerfano,2019,"6,776"
Jackson,2019,"1,378"
Jefferson,2019,"582,571"
Kiowa,2019,"1,457"
Kit Carson,2019,"7,183"
La Plata,2019,"55,511"
Lake,2019,"7,555"
Larimer,2019,"356,799"
Las Animas,2019,"14,642"
Lincoln,2019,"5,645"
Logan,2019,"21,507"
Mesa,2019,"155,109"
Mineral,2019,834
Moffat,2019,"13,361"
Montezuma,2019,"25,731"
Montrose,2019,"42,503"
Morgan,2019,"29,131"
Otero,2019,"18,738"
Ouray,2019,"4,894"
Park,2019,"17,515"
Phillips,2019,"4,523"
Pitkin,2019,"17,414"
Prowers,2019,"12,013"
Pueblo,2019,"167,484"
Rio Blanco,2019,"6,532"
Rio Grande,2019,"11,600"
Routt,2019,"24,518"
Saguache,2019,"6,363"
San Juan,2019,709
San Miguel,2019,"8,126"
Sedgwick,2019,"2,404"
Summit,2019,"31,190"
Teller,2019,"24,680"
Washington,2019,"4,825"
Weld,2019,"322,334"
Yuma,2019,"10,006"
Adams,2020,"520,076"
Alamosa,2020,"16,326"
Arapahoe,2020,"655,047"
Archuleta,2020,"13,368"
Baca,2020,"3,476"
Bent,2020,"5,588"
Boulder,2020,"330,859"
Broomfield,2020,"74,469"
Chaffee,2020,"19,514"
Cheyenne,2020,"1,742"
Clear Creek,2020,"9,392"
Conejos,2020,"7,436"
Costilla,2020,"3,488"
Crowley,2020,"5,840"
Custer,2020,"4,710"
Delta,2020,"31,159"
Denver,2020,"717,627"
Dolores,2020,"2,083"
Douglas,2020,"360,034"
Eagle,2020,"55,626"
El Paso,2020,"731,640"
Elbert,2020,"26,187"
Fremont,2020,"48,883"
Garfield,2020,"61,724"
Gilpin,2020,"5,799"
Grand,2020,"15,711"
Gunnison,2020,"16,943"
Hinsdale,2020,799
Huerfano,2020,"6,799"
Jackson,2020,"1,375"
Jefferson,2020,"582,780"
Kiowa,2020,"1,458"
Kit Carson,2020,"7,077"
La Plata,2020,"55,649"
Lake,2020,"7,417"
Larimer,2020,"359,698"
Las Animas,2020,"14,562"
Lincoln,2020,"5,658"
Logan,2020,"21,406"
Mesa,2020,"155,910"
Mineral,2020,863
Moffat,2020,"13,288"
Montezuma,2020,"25,857"
Montrose,2020,"42,809"
Morgan,2020,"29,101"
Otero,2020,"18,681"
Ouray,2020,"4,881"
Park,2020,"17,427"
Phillips,2020,"4,530"
Pitkin,2020,"17,363"
Prowers,2020,"12,015"
Pueblo,2020,"168,429"
Rio Blanco,2020,"6,534"
Rio Grande,2020,"11,557"
Routt,2020,"24,836"
Saguache,2020,"6,409"
San Juan,2020,706
San Miguel,2020,"8,063"
Sedgwick,2020,"2,410"
Summit,2020,"31,017"
Teller,2020,"24,777"
Washington,2020,"4,829"
Weld,2020,"331,186"
Yuma,2020,"9,999"
Adams,2021,"523,654"
Alamosa,2021,"16,424"
Arapahoe,2021,"658,287"
Archuleta,2021,"13,537"
Baca,2021,"3,451"
Bent,2021,"5,594"
Boulder,2021,"332,892"
Broomfield,2021,"76,283"
Chaffee,2021,"19,630"
Cheyenne,2021,"1,728"
Clear Creek,2021,"9,378"
Conejos,2021,"7,321"
Costilla,2021,"3,474"
Crowley,2021,"5,861"
Custer,2021,"4,725"
Delta,2021,"31,083"
Denver,2021,"725,107"
Dolores,2021,"2,091"
Douglas,2021,"368,862"
Eagle,2021,"55,686"
El Paso,2021,"737,865"
Elbert,2021,"26,470"
Fremont,2021,"48,973"
Garfield,2021,"62,336"
Gilpin,2021,"5,823"
Grand,2021,"15,719"
Gunnison,2021,"16,946"
Hinsdale,2021,792
Huerfano,2021,"6,807"
Jackson,2021,"1,370"
Jefferson,2021,"582,978"
Kiowa,2021,"1,462"
Kit Carson,2021,"7,025"
La Plata,2021,"55,795"
Lake,2021,"7,383"
Larimer,2021,"362,618"
Las Animas,2021,"14,443"
Lincoln,2021,"5,677"
Logan,2021,"21,333"
Mesa,2021,"156,704"
Mineral,2021,885
Moffat,2021,"13,300"
Montezuma,2021,"25,860"
Montrose,2021,"43,302"
Morgan,2021,"29,081"
Otero,2021,"18,703"
Ouray,2021,"4,869"
Park,2021,"17,352"
Phillips,2021,"4,555"
Pitkin,2021,"17,308"
Prowers,2021,"12,015"
Pueblo,2021,"169,373"
Rio Blanco,2021,"6,538"
Rio Grande,2021,"11,511"
Routt,2021,"24,727"
Saguache,2021,"6,470"
San Juan,2021,704
San Miguel,2021,"8,079"
Sedgwick,2021,"2,397"
Summit,2021,"30,835"
Teller,2021,"24,879"
Washington,2021,"4,819"
Weld,2021,"340,019"
Yuma,2021,"9,997"
Chaffee,2022,"19,734"
Cheyenne,2022,"1,734"
Lake,2022,"7,443"
Broomfield,2022,"78,202"
Otero,2022,"18,608"
Rio Grande,2022,"11,500"
Bent,2022,"5,566"
Eagle,2022,"56,227"
Saguache,2022,"6,479"
Montezuma,2022,"26,034"
Denver,2022,"733,279"
Routt,2022,"25,069"
Moffat,2022,"13,243"
Hinsdale,2022,794
Teller,2022,"25,169"
Huerfano,2022,"6,793"
Conejos,2022,"7,296"
Ouray,2022,"4,888"
Morgan,2022,"29,361"
Sedgwick,2022,"2,400"
San Miguel,2022,"8,194"
Adams,2022,"529,891"
Washington,2022,"4,837"
Costilla,2022,"3,449"
Jefferson,2022,"586,506"
Kit Carson,2022,"7,017"
Montrose,2022,"43,799"
Archuleta,2022,"13,693"
El Paso,2022,"746,683"
Arapahoe,2022,"665,144"
Alamosa,2022,"16,520"
Mesa,2022,"158,045"
Gilpin,2022,"5,810"
Lincoln,2022,"5,746"
Crowley,2022,"5,882"
Prowers,2022,"11,973"
Mineral,2022,901
Las Animas,2022,"14,402"
Garfield,2022,"63,121"
Kiowa,2022,"1,453"
Pitkin,2022,"17,318"
San Juan,2022,708
Rio Blanco,2022,"6,522"
Larimer,2022,"367,183"
Yuma,2022,"10,010"
Douglas,2022,"373,735"
Park,2022,"17,519"
Grand,2022,"15,860"
Boulder,2022,"334,015"
Gunnison,2022,"17,051"
Baca,2022,"3,420"
Summit,2022,"31,048"
Logan,2022,"21,433"
Weld,2022,"347,858"
La Plata,2022,"56,705"
Jackson,2022,"1,358"
Dolores,2022,"2,080"
Clear Creek,2022,"9,405"
Delta,2022,"31,180"
Custer,2022,"4,703"
Fremont,2022,"48,927"
Pueblo,2022,"170,004"
Elbert,2022,"27,262"
Phillips,2022,"4,540"
Garfield,2023,"63,991"
Delta,2023,"31,336"
Baca,2023,"3,394"
Rio Grande,2023,"11,501"
Montezuma,2023,"26,225"
Eagle,2023,"56,766"
Park,2023,"17,721"
Alamosa,2023,"16,598"
Ouray,2023,"4,908"
La Plata,2023,"57,830"
Douglas,2023,"378,976"
Lincoln,2023,"5,791"
Rio Blanco,2023,"6,507"
Gunnison,2023,"17,187"
Archuleta,2023,"13,863"
Kiowa,2023,"1,454"
Pitkin,2023,"17,353"
Yuma,2023,"10,027"
Jefferson,2023,"590,163"
Costilla,2023,"3,437"
Adams,2023,"536,458"
Arapahoe,2023,"672,827"
Gilpin,2023,"5,793"
San Juan,2023,700
Larimer,2023,"372,573"
Mesa,2023,"159,725"
Saguache,2023,"6,506"
Chaffee,2023,"19,871"
Montrose,2023,"44,375"
Weld,2023,"356,703"
Otero,2023,"18,507"
Crowley,2023,"5,904"
Elbert,2023,"28,167"
Hinsdale,2023,797
Clear Creek,2023,"9,449"
Logan,2023,"21,549"
Custer,2023,"4,688"
Jackson,2023,"1,346"
Mineral,2023,907
Boulder,2023,"335,344"
Denver,2023,"743,932"
Huerfano,2023,"6,775"
Fremont,2023,"48,895"
Dolores,2023,"2,069"
Routt,2023,"25,522"
Moffat,2023,"13,198"
Kit Carson,2023,"7,025"
San Miguel,2023,"8,366"
Lake,2023,"7,519"
Phillips,2023,"4,540"
Prowers,2023,"11,935"
Washington,2023,"4,847"
Sedgwick,2023,"2,414"
Teller,2023,"25,456"
Grand,2023,"16,032"
Broomfield,2023,"80,469"
Bent,2023,"5,552"
Summit,2023,"31,242"
Cheyenne,2023,"1,737"
Las Animas,2023,"14,369"
Morgan,2023,"29,610"
Conejos,2023,"7,269"
El Paso,2023,"756,951"
Pueblo,2023,"171,021"
Eagle,2024,"57,189"
Costilla,2024,"3,416"
Grand,2024,"16,171"
Mineral,2024,915
Garfield,2024,"64,873"
Elbert,2024,"29,068"
Adams,2024,"544,466"
Conejos,2024,"7,250"
Park,2024,"17,911"
Sedgwick,2024,"2,425"
Pitkin,2024,"17,386"
San Juan,2024,693
Saguache,2024,"6,522"
Ouray,2024,"4,933"
Hinsdale,2024,808
Chaffee,2024,"19,992"
Dolores,2024,"2,057"
Crowley,2024,"5,927"
Mesa,2024,"161,643"
Yuma,2024,"10,050"
Las Animas,2024,"14,340"
Kit Carson,2024,"7,021"
Phillips,2024,"4,539"
Fremont,2024,"48,874"
Clear Creek,2024,"9,484"
Jackson,2024,"1,330"
Alamosa,2024,"16,634"
Cheyenne,2024,"1,732"
Broomfield,2024,"82,649"
Montrose,2024,"44,937"
Custer,2024,"4,667"
Bent,2024,"5,539"
La Plata,2024,"58,935"
Morgan,2024,"29,882"
Baca,2024,"3,370"
Lake,2024,"7,590"
Summit,2024,"31,424"
Moffat,2024,"13,137"
Jefferson,2024,"593,619"
Delta,2024,"31,484"
Boulder,2024,"337,299"
Weld,2024,"364,876"
Prowers,2024,"11,879"
Rio Blanco,2024,"6,492"
Denver,2024,"752,764"
Arapahoe,2024,"680,586"
El Paso,2024,"767,252"
Gilpin,2024,"5,778"
Kiowa,2024,"1,450"
Huerfano,2024,"6,763"
San Miguel,2024,"8,539"
Pueblo,2024,"172,135"
Douglas,2024,"384,634"
Teller,2024,"25,749"
Gunnison,2024,"17,303"
Logan,2024,"21,661"
Washington,2024,"4,867"
Archuleta,2024,"14,033"
Montezuma,2024,"26,432"
Routt,2024,"26,057"
Lincoln,2024,"5,825"
Larimer,2024,"378,059"
Otero,2024,"18,399"
Rio Grande,2024,"11,506"
Montrose,2025,"45,521"
Teller,2025,"26,041"
Baca,2025,"3,342"
Cheyenne,2025,"1,743"
Broomfield,2025,"85,028"
Crowley,2025,"5,964"
Prowers,2025,"11,834"
Larimer,2025,"383,900"
Arapahoe,2025,"688,688"
Phillips,2025,"4,536"
Fremont,2025,"48,871"
Elbert,2025,"29,987"
Adams,2025,"552,929"
Ouray,2025,"4,942"
Routt,2025,"26,583"
Conejos,2025,"7,234"
Rio Grande,2025,"11,540"
Weld,2025,"373,611"
Saguache,2025,"6,534"
Denver,2025,"761,529"
Archuleta,2025,"14,198"
Grand,2025,"16,293"
Montezuma,2025,"26,648"
Bent,2025,"5,534"
Las Animas,2025,"14,310"
Kiowa,2025,"1,442"
Clear Creek,2025,"9,530"
Dolores,2025,"2,045"
Alamosa,2025,"16,661"
San Juan,2025,699
Huerfano,2025,"6,754"
Gunnison,2025,"17,441"
Custer,2025,"4,647"
Costilla,2025,"3,394"
Moffat,2025,"13,086"
La Plata,2025,"60,049"
Eagle,2025,"57,618"
Washington,2025,"4,884"
Summit,2025,"31,616"
Otero,2025,"18,290"
Logan,2025,"21,792"
Lake,2025,"7,670"
Pitkin,2025,"17,438"
Hinsdale,2025,812
San Miguel,2025,"8,718"
Park,2025,"18,084"
Lincoln,2025,"5,866"
Mesa,2025,"163,910"
Morgan,2025,"30,129"
Chaffee,2025,"20,126"
Sedgwick,2025,"2,449"
Boulder,2025,"339,366"
Garfield,2025,"65,827"
Yuma,2025,"10,082"
Rio Blanco,2025,"6,482"
Douglas,2025,"391,023"
Kit Carson,2025,"7,028"
Delta,2025,"31,678"
Mineral,2025,920
Jackson,2025,"1,323"
Pueblo,2025,"173,461"
El Paso,2025,"778,050"
Gilpin,2025,"5,775"
Jefferson,2025,"596,798"
Weld,2026,"384,736"
Kit Carson,2026,"7,042"
Boulder,2026,"342,175"
Broomfield,2026,"87,408"
Park,2026,"18,251"
Arapahoe,2026,"696,151"
Morgan,2026,"30,386"
Pitkin,2026,"17,519"
Fremont,2026,"48,942"
Crowley,2026,"5,985"
Bent,2026,"5,500"
Sedgwick,2026,"2,460"
Jackson,2026,"1,310"
Archuleta,2026,"14,373"
Gilpin,2026,"5,746"
Mineral,2026,921
Garfield,2026,"66,882"
Routt,2026,"27,117"
Montezuma,2026,"26,910"
Gunnison,2026,"17,556"
Otero,2026,"18,180"
Grand,2026,"16,433"
Logan,2026,"21,920"
Chaffee,2026,"20,285"
Summit,2026,"31,860"
Alamosa,2026,"16,692"
Lincoln,2026,"5,917"
Prowers,2026,"11,780"
Elbert,2026,"30,944"
Denver,2026,"769,878"
Jefferson,2026,"600,055"
Mesa,2026,"166,569"
Phillips,2026,"4,545"
Rio Blanco,2026,"6,457"
Costilla,2026,"3,370"
Custer,2026,"4,625"
Cheyenne,2026,"1,746"
Las Animas,2026,"14,262"
Adams,2026,"563,096"
Moffat,2026,"13,030"
Delta,2026,"31,964"
Teller,2026,"26,263"
Baca,2026,"3,321"
Ouray,2026,"4,959"
Eagle,2026,"58,054"
Hinsdale,2026,818
La Plata,2026,"61,265"
Larimer,2026,"390,103"
Montrose,2026,"46,117"
San Miguel,2026,"8,887"
Conejos,2026,"7,214"
Douglas,2026,"396,426"
Washington,2026,"4,898"
San Juan,2026,696
Yuma,2026,"10,127"
Kiowa,2026,"1,433"
El Paso,2026,"788,855"
Dolores,2026,"2,036"
Lake,2026,"7,748"
Rio Grande,2026,"11,560"
Clear Creek,2026,"9,608"
Huerfano,2026,"6,737"
Pueblo,2026,"174,779"
Saguache,2026,"6,539"
Park,2027,"18,397"
Eagle,2027,"58,484"
Arapahoe,2027,"703,593"
Grand,2027,"16,536"
Denver,2027,"778,168"
Hinsdale,2027,824
Ouray,2027,"4,983"
Gunnison,2027,"17,714"
Mesa,2027,"169,234"
Moffat,2027,"12,971"
Chaffee,2027,"20,469"
Fremont,2027,"49,009"
Phillips,2027,"4,538"
Garfield,2027,"68,001"
Lincoln,2027,"5,951"
San Miguel,2027,"9,054"
Otero,2027,"18,069"
Huerfano,2027,"6,703"
Douglas,2027,"401,709"
Las Animas,2027,"14,224"
Clear Creek,2027,"9,701"
Crowley,2027,"6,010"
Jackson,2027,"1,309"
Routt,2027,"27,630"
Alamosa,2027,"16,717"
Summit,2027,"32,196"
Weld,2027,"395,758"
Pueblo,2027,"176,074"
Saguache,2027,"6,549"
Prowers,2027,"11,736"
Teller,2027,"26,531"
Broomfield,2027,"89,806"
Costilla,2027,"3,356"
Sedgwick,2027,"2,454"
Adams,2027,"573,373"
Delta,2027,"32,253"
Larimer,2027,"395,939"
Yuma,2027,"10,163"
Bent,2027,"5,503"
Pitkin,2027,"17,572"
Rio Grande,2027,"11,540"
Dolores,2027,"2,031"
Montrose,2027,"46,720"
San Juan,2027,692
Rio Blanco,2027,"6,440"
Custer,2027,"4,602"
Boulder,2027,"345,380"
Conejos,2027,"7,204"
Archuleta,2027,"14,582"
El Paso,2027,"799,709"
Washington,2027,"4,901"
La Plata,2027,"62,367"
Jefferson,2027,"603,160"
Morgan,2027,"30,625"
Baca,2027,"3,297"
Elbert,2027,"31,845"
Lake,2027,"7,832"
Kit Carson,2027,"7,048"
Gilpin,2027,"5,726"
Kiowa,2027,"1,429"
Logan,2027,"21,985"
Montezuma,2027,"27,128"
Cheyenne,2027,"1,744"
Mineral,2027,930
Teller,2028,"26,690"
Montezuma,2028,"27,338"
Larimer,2028,"401,689"
Custer,2028,"4,575"
Jackson,2028,"1,305"
Gunnison,2028,"17,857"
Conejos,2028,"7,189"
Delta,2028,"32,522"
Jefferson,2028,"606,176"
Clear Creek,2028,"9,807"
Kit Carson,2028,"7,054"
Hinsdale,2028,819
Morgan,2028,"30,870"
Eagle,2028,"58,924"
Huerfano,2028,"6,669"
Elbert,2028,"32,693"
Kiowa,2028,"1,419"
Arapahoe,2028,"711,027"
Ouray,2028,"4,997"
Sedgwick,2028,"2,442"
Saguache,2028,"6,559"
Denver,2028,"786,361"
Cheyenne,2028,"1,739"
Archuleta,2028,"14,799"
Chaffee,2028,"20,655"
Costilla,2028,"3,331"
Garfield,2028,"69,224"
Adams,2028,"583,731"
San Juan,2028,688
La Plata,2028,"63,349"
Grand,2028,"16,649"
Montrose,2028,"47,345"
Dolores,2028,"2,015"
Yuma,2028,"10,200"
Alamosa,2028,"16,746"
Las Animas,2028,"14,182"
Fremont,2028,"49,085"
Lincoln,2028,"5,968"
Crowley,2028,"6,022"
Rio Blanco,2028,"6,422"
Pueblo,2028,"177,347"
Moffat,2028,"12,920"
El Paso,2028,"810,610"
Washington,2028,"4,912"
Baca,2028,"3,273"
Mineral,2028,929
Logan,2028,"22,062"
Boulder,2028,"348,582"
Routt,2028,"28,138"
Summit,2028,"32,484"
Weld,2028,"407,367"
Prowers,2028,"11,683"
Phillips,2028,"4,534"
Gilpin,2028,"5,698"
San Miguel,2028,"9,220"
Otero,2028,"17,946"
Rio Grande,2028,"11,512"
Bent,2028,"5,498"
Douglas,2028,"406,966"
Park,2028,"18,534"
Lake,2028,"7,911"
Pitkin,2028,"17,624"
Mesa,2028,"172,020"
Broomfield,2028,"91,730"
Larimer,2029,"407,366"
Archuleta,2029,"15,032"
El Paso,2029,"821,521"
Phillips,2029,"4,522"
Elbert,2029,"33,474"
Prowers,2029,"11,628"
Montezuma,2029,"27,528"
Yuma,2029,"10,199"
Kiowa,2029,"1,410"
Eagle,2029,"59,353"
Broomfield,2029,"93,150"
Pitkin,2029,"17,669"
Sedgwick,2029,"2,437"
Ouray,2029,"5,022"
Summit,2029,"32,721"
Gilpin,2029,"5,680"
Clear Creek,2029,"9,910"
Denver,2029,"794,411"
Arapahoe,2029,"718,181"
Rio Grande,2029,"11,487"
Bent,2029,"5,491"
Washington,2029,"4,922"
San Juan,2029,685
Huerfano,2029,"6,630"
Crowley,2029,"6,033"
Alamosa,2029,"16,782"
Pueblo,2029,"178,607"
Delta,2029,"32,802"
Otero,2029,"17,824"
Conejos,2029,"7,178"
Costilla,2029,"3,321"
Gunnison,2029,"18,010"
Montrose,2029,"47,985"
Boulder,2029,"351,771"
Hinsdale,2029,827
Rio Blanco,2029,"6,396"
Mesa,2029,"175,031"
Fremont,2029,"49,204"
Jefferson,2029,"609,098"
Adams,2029,"594,171"
Grand,2029,"16,790"
Garfield,2029,"70,506"
San Miguel,2029,"9,384"
Jackson,2029,"1,295"
Douglas,2029,"412,154"
Teller,2029,"26,833"
Park,2029,"18,653"
Saguache,2029,"6,562"
Dolores,2029,"2,007"
La Plata,2029,"64,224"
Custer,2029,"4,544"
Baca,2029,"3,252"
Las Animas,2029,"14,127"
Lake,2029,"7,997"
Cheyenne,2029,"1,742"
Logan,2029,"22,131"
Morgan,2029,"31,116"
Mineral,2029,930
Chaffee,2029,"20,826"
Weld,2029,"418,367"
Routt,2029,"28,641"
Lincoln,2029,"5,996"
Kit Carson,2029,"7,069"
Moffat,2029,"12,865"
Gunnison,2030,"18,149"
Ouray,2030,"5,047"
Delta,2030,"33,057"
Rio Grande,2030,"11,459"
Phillips,2030,"4,516"
Yuma,2030,"10,197"
Crowley,2030,"6,039"
Denver,2030,"802,309"
Conejos,2030,"7,166"
San Juan,2030,679
Prowers,2030,"11,568"
Grand,2030,"16,939"
Washington,2030,"4,934"
La Plata,2030,"65,091"
Weld,2030,"429,760"
Costilla,2030,"3,298"
Dolores,2030,"1,990"
Teller,2030,"26,965"
Montezuma,2030,"27,708"
Douglas,2030,"417,107"
Garfield,2030,"71,854"
Eagle,2030,"59,764"
Adams,2030,"604,681"
San Miguel,2030,"9,554"
Baca,2030,"3,231"
Logan,2030,"22,196"
Morgan,2030,"31,355"
Elbert,2030,"34,202"
Pitkin,2030,"17,721"
Rio Blanco,2030,"6,377"
Sedgwick,2030,"2,428"
Huerfano,2030,"6,587"
Arapahoe,2030,"725,283"
Jefferson,2030,"611,913"
Clear Creek,2030,"10,020"
Gilpin,2030,"5,657"
Boulder,2030,"354,737"
Montrose,2030,"48,646"
Las Animas,2030,"14,082"
Moffat,2030,"12,813"
Kiowa,2030,"1,407"
Kit Carson,2030,"7,075"
Lincoln,2030,"6,021"
Park,2030,"18,756"
Lake,2030,"8,090"
Cheyenne,2030,"1,732"
Custer,2030,"4,517"
Routt,2030,"29,138"
Broomfield,2030,"94,151"
El Paso,2030,"832,462"
Chaffee,2030,"21,014"
Larimer,2030,"412,980"
Otero,2030,"17,709"
Mesa,2030,"178,155"
Hinsdale,2030,825
Jackson,2030,"1,296"
Alamosa,2030,"16,810"
Archuleta,2030,"15,278"
Saguache,2030,"6,573"
Summit,2030,"32,953"
Pueblo,2030,"179,837"
Bent,2030,"5,483"
Mineral,2030,929
Fremont,2030,"49,350"
Conejos,2031,"7,156"
Mineral,2031,925
Ouray,2031,"5,072"
Garfield,2031,"73,212"
Kiowa,2031,"1,391"
Teller,2031,"27,099"
Arapahoe,2031,"732,329"
Rio Grande,2031,"11,439"
Park,2031,"18,849"
Alamosa,2031,"16,844"
Elbert,2031,"34,858"
Gunnison,2031,"18,290"
Summit,2031,"33,188"
San Miguel,2031,"9,713"
Prowers,2031,"11,507"
Weld,2031,"441,652"
Grand,2031,"17,095"
Broomfield,2031,"94,732"
Chaffee,2031,"21,186"
Adams,2031,"615,243"
Baca,2031,"3,211"
Pueblo,2031,"181,032"
Montezuma,2031,"27,888"
Lake,2031,"8,180"
La Plata,2031,"65,946"
Saguache,2031,"6,583"
Denver,2031,"810,045"
Mesa,2031,"181,227"
Fremont,2031,"49,511"
Boulder,2031,"357,688"
Costilla,2031,"3,287"
Clear Creek,2031,"10,127"
Moffat,2031,"12,757"
Las Animas,2031,"13,994"
Bent,2031,"5,467"
Delta,2031,"33,313"
Hinsdale,2031,831
Archuleta,2031,"15,532"
Larimer,2031,"418,513"
Sedgwick,2031,"2,420"
Huerfano,2031,"6,509"
Montrose,2031,"49,269"
Jackson,2031,"1,286"
Kit Carson,2031,"7,091"
Washington,2031,"4,930"
San Juan,2031,677
Pitkin,2031,"17,772"
Yuma,2031,"10,189"
Jefferson,2031,"614,591"
Eagle,2031,"60,502"
Routt,2031,"29,624"
Dolores,2031,"1,979"
Crowley,2031,"6,047"
Gilpin,2031,"5,642"
Rio Blanco,2031,"6,340"
Douglas,2031,"421,908"
Logan,2031,"22,268"
Custer,2031,"4,487"
Otero,2031,"17,581"
El Paso,2031,"843,405"
Morgan,2031,"31,588"
Cheyenne,2031,"1,722"
Lincoln,2031,"6,047"
Phillips,2031,"4,507"
Costilla,2032,"3,256"
Phillips,2032,"4,503"
Park,2032,"18,920"
Eagle,2032,"61,248"
Mineral,2032,921
Huerfano,2032,"6,437"
Washington,2032,"4,932"
Summit,2032,"33,420"
Logan,2032,"22,327"
Moffat,2032,"12,716"
Conejos,2032,"7,145"
San Miguel,2032,"9,865"
Garfield,2032,"74,564"
Routt,2032,"30,104"
Yuma,2032,"10,178"
Larimer,2032,"423,990"
San Juan,2032,668
Archuleta,2032,"15,800"
Weld,2032,"451,801"
Sedgwick,2032,"2,420"
Teller,2032,"27,227"
Pitkin,2032,"17,831"
Douglas,2032,"426,544"
Custer,2032,"4,455"
Baca,2032,"3,193"
Las Animas,2032,"13,914"
Kit Carson,2032,"7,097"
Denver,2032,"817,349"
La Plata,2032,"66,800"
Delta,2032,"33,557"
Saguache,2032,"6,590"
Lincoln,2032,"6,064"
Elbert,2032,"35,459"
Morgan,2032,"31,820"
Adams,2032,"625,844"
Hinsdale,2032,836
Montrose,2032,"49,883"
Otero,2032,"17,456"
Gilpin,2032,"5,642"
Pueblo,2032,"182,177"
Kiowa,2032,"1,387"
Prowers,2032,"11,448"
Jackson,2032,"1,280"
Boulder,2032,"360,600"
Lake,2032,"8,244"
Ouray,2032,"5,100"
Jefferson,2032,"617,123"
Grand,2032,"17,251"
Alamosa,2032,"16,863"
Arapahoe,2032,"739,287"
Dolores,2032,"1,969"
Fremont,2032,"49,653"
Cheyenne,2032,"1,716"
Clear Creek,2032,"10,234"
Chaffee,2032,"21,303"
Mesa,2032,"184,251"
Crowley,2032,"6,059"
Bent,2032,"5,464"
Montezuma,2032,"28,052"
Rio Blanco,2032,"6,298"
El Paso,2032,"854,300"
Broomfield,2032,"95,013"
Rio Grande,2032,"11,406"
Gunnison,2032,"18,421"
Washington,2033,"4,923"
Routt,2033,"30,564"
Crowley,2033,"6,075"
Jackson,2033,"1,275"
Phillips,2033,"4,497"
Chaffee,2033,"21,406"
El Paso,2033,"864,950"
Custer,2033,"4,420"
Gilpin,2033,"5,646"
Costilla,2033,"3,244"
Boulder,2033,"363,468"
Mesa,2033,"187,219"
Pueblo,2033,"183,283"
Broomfield,2033,"95,267"
Garfield,2033,"75,917"
Archuleta,2033,"16,062"
Moffat,2033,"12,653"
Eagle,2033,"61,991"
Summit,2033,"33,643"
Arapahoe,2033,"746,152"
Larimer,2033,"429,395"
Cheyenne,2033,"1,708"
Saguache,2033,"6,596"
Alamosa,2033,"16,896"
Rio Blanco,2033,"6,270"
Ouray,2033,"5,125"
Las Animas,2033,"13,819"
Elbert,2033,"35,988"
La Plata,2033,"67,617"
Fremont,2033,"49,793"
San Miguel,2033,"10,021"
Pitkin,2033,"17,900"
Grand,2033,"17,405"
Bent,2033,"5,455"
Hinsdale,2033,833
Kit Carson,2033,"7,110"
Rio Grande,2033,"11,374"
Montrose,2033,"50,460"
Weld,2033,"461,983"
Jefferson,2033,"619,510"
Morgan,2033,"32,047"
Baca,2033,"3,175"
Mineral,2033,918
Delta,2033,"33,789"
Douglas,2033,"430,817"
Conejos,2033,"7,134"
Logan,2033,"22,392"
Denver,2033,"824,162"
Otero,2033,"17,320"
Adams,2033,"636,472"
Yuma,2033,"10,172"
Sedgwick,2033,"2,412"
Montezuma,2033,"28,204"
Clear Creek,2033,"10,329"
San Juan,2033,670
Prowers,2033,"11,379"
Lincoln,2033,"6,077"
Gunnison,2033,"18,569"
Lake,2033,"8,295"
Park,2033,"18,978"
Huerfano,2033,"6,349"
Kiowa,2033,"1,383"
Teller,2033,"27,359"
Dolores,2033,"1,957"
Mesa,2034,"190,130"
Huerfano,2034,"6,260"
Mineral,2034,920
Pitkin,2034,"17,970"
Grand,2034,"17,553"
Montrose,2034,"51,029"
Weld,2034,"472,106"
Morgan,2034,"32,270"
Sedgwick,2034,"2,397"
Park,2034,"19,033"
Larimer,2034,"434,727"
Logan,2034,"22,454"
Bent,2034,"5,449"
Douglas,2034,"434,710"
San Miguel,2034,"10,168"
Summit,2034,"33,879"
Adams,2034,"646,904"
Prowers,2034,"11,320"
Washington,2034,"4,894"
Conejos,2034,"7,121"
La Plata,2034,"68,417"
Saguache,2034,"6,616"
Pueblo,2034,"184,335"
Fremont,2034,"49,935"
Jackson,2034,"1,269"
Costilla,2034,"3,224"
Montezuma,2034,"28,343"
Hinsdale,2034,833
Moffat,2034,"12,594"
Las Animas,2034,"13,723"
Otero,2034,"17,185"
Rio Grande,2034,"11,341"
Clear Creek,2034,"10,428"
Dolores,2034,"1,935"
Kiowa,2034,"1,373"
Gunnison,2034,"18,701"
Jefferson,2034,"621,764"
Custer,2034,"4,383"
Denver,2034,"830,557"
Chaffee,2034,"21,504"
Teller,2034,"27,484"
Lincoln,2034,"6,086"
Delta,2034,"34,012"
Kit Carson,2034,"7,117"
Eagle,2034,"62,737"
Broomfield,2034,"95,479"
Crowley,2034,"6,079"
Gilpin,2034,"5,648"
Phillips,2034,"4,487"
Boulder,2034,"366,290"
Lake,2034,"8,351"
Garfield,2034,"77,270"
Routt,2034,"31,024"
San Juan,2034,665
Yuma,2034,"10,172"
Cheyenne,2034,"1,702"
Arapahoe,2034,"752,915"
Rio Blanco,2034,"6,234"
Ouray,2034,"5,156"
Elbert,2034,"36,462"
Archuleta,2034,"16,324"
El Paso,2034,"875,321"
Baca,2034,"3,150"
Alamosa,2034,"16,926"
Arapahoe,2035,"759,590"
Lincoln,2035,"6,090"
Clear Creek,2035,"10,521"
Douglas,2035,"438,460"
Crowley,2035,"6,092"
San Juan,2035,665
Huerfano,2035,"6,164"
Summit,2035,"34,106"
San Miguel,2035,"10,315"
Logan,2035,"22,512"
Fremont,2035,"50,079"
Sedgwick,2035,"2,392"
Bent,2035,"5,438"
Weld,2035,"482,139"
Garfield,2035,"78,609"
Washington,2035,"4,876"
Prowers,2035,"11,252"
Delta,2035,"34,224"
Custer,2035,"4,351"
Grand,2035,"17,698"
Jefferson,2035,"623,862"
La Plata,2035,"69,218"
Las Animas,2035,"13,618"
Montrose,2035,"51,591"
Jackson,2035,"1,258"
Elbert,2035,"36,866"
Otero,2035,"17,046"
Baca,2035,"3,139"
Lake,2035,"8,416"
Teller,2035,"27,598"
Pueblo,2035,"185,330"
Mesa,2035,"192,986"
Park,2035,"19,051"
Moffat,2035,"12,541"
Phillips,2035,"4,476"
Adams,2035,"657,324"
Chaffee,2035,"21,591"
Rio Blanco,2035,"6,196"
Gunnison,2035,"18,841"
Alamosa,2035,"16,955"
Conejos,2035,"7,112"
Ouray,2035,"5,185"
Montezuma,2035,"28,479"
Kiowa,2035,"1,365"
Costilla,2035,"3,199"
Mineral,2035,914
Hinsdale,2035,832
Routt,2035,"31,460"
Larimer,2035,"439,991"
Yuma,2035,"10,166"
Rio Grande,2035,"11,296"
Saguache,2035,"6,617"
Gilpin,2035,"5,651"
Cheyenne,2035,"1,695"
Archuleta,2035,"16,575"
Kit Carson,2035,"7,134"
Eagle,2035,"63,462"
Pitkin,2035,"18,027"
Boulder,2035,"369,059"
El Paso,2035,"885,400"
Broomfield,2035,"95,646"
Morgan,2035,"32,489"
Denver,2035,"836,496"
Dolores,2035,"1,919"
Lake,2036,"8,475"
Mesa,2036,"195,763"
Washington,2036,"4,851"
Baca,2036,"3,121"
Gilpin,2036,"5,635"
Chaffee,2036,"21,684"
Montrose,2036,"52,109"
Jackson,2036,"1,257"
Custer,2036,"4,311"
Bent,2036,"5,434"
Sedgwick,2036,"2,388"
Montezuma,2036,"28,608"
Cheyenne,2036,"1,688"
Rio Grande,2036,"11,255"
El Paso,2036,"895,186"
Routt,2036,"31,889"
Mineral,2036,912
Broomfield,2036,"95,770"
Phillips,2036,"4,472"
Douglas,2036,"442,004"
Lincoln,2036,"6,093"
Ouray,2036,"5,220"
Yuma,2036,"10,164"
Rio Blanco,2036,"6,167"
Conejos,2036,"7,099"
Crowley,2036,"6,105"
Adams,2036,"667,710"
Hinsdale,2036,835
Weld,2036,"492,084"
Morgan,2036,"32,700"
Huerfano,2036,"6,065"
Moffat,2036,"12,488"
Otero,2036,"16,902"
Park,2036,"19,067"
Summit,2036,"34,331"
Alamosa,2036,"16,983"
Gunnison,2036,"18,978"
Kit Carson,2036,"7,150"
Larimer,2036,"445,188"
San Juan,2036,663
Pueblo,2036,"186,280"
Garfield,2036,"79,957"
Boulder,2036,"371,769"
Costilla,2036,"3,186"
Eagle,2036,"64,168"
Pitkin,2036,"18,087"
Delta,2036,"34,415"
Fremont,2036,"50,223"
Las Animas,2036,"13,514"
Grand,2036,"17,848"
Denver,2036,"842,003"
Jefferson,2036,"625,828"
Saguache,2036,"6,627"
Prowers,2036,"11,182"
Archuleta,2036,"16,828"
Logan,2036,"22,580"
Teller,2036,"27,721"
Kiowa,2036,"1,363"
Arapahoe,2036,"766,172"
San Miguel,2036,"10,444"
La Plata,2036,"70,010"
Dolores,2036,"1,907"
Elbert,2036,"37,197"
Clear Creek,2036,"10,613"
Lake,2037,"8,528"
Jackson,2037,"1,256"
Montezuma,2037,"28,722"
Mineral,2037,908
San Juan,2037,662
Logan,2037,"22,640"
El Paso,2037,"904,630"
Huerfano,2037,"5,958"
Morgan,2037,"32,908"
Prowers,2037,"11,112"
Washington,2037,"4,819"
Baca,2037,"3,101"
Costilla,2037,"3,171"
Delta,2037,"34,615"
Teller,2037,"27,825"
Crowley,2037,"6,112"
San Miguel,2037,"10,570"
Kit Carson,2037,"7,159"
Moffat,2037,"12,424"
Weld,2037,"501,942"
Grand,2037,"17,988"
Yuma,2037,"10,167"
Pueblo,2037,"187,185"
Montrose,2037,"52,597"
Hinsdale,2037,834
Mesa,2037,"198,476"
Conejos,2037,"7,080"
Bent,2037,"5,424"
Arapahoe,2037,"772,640"
Archuleta,2037,"17,077"
Ouray,2037,"5,253"
Alamosa,2037,"17,009"
Broomfield,2037,"95,832"
Sedgwick,2037,"2,379"
Elbert,2037,"37,460"
Eagle,2037,"64,854"
La Plata,2037,"70,786"
Rio Grande,2037,"11,202"
Gunnison,2037,"19,113"
Las Animas,2037,"13,396"
Pitkin,2037,"18,132"
Garfield,2037,"81,285"
Rio Blanco,2037,"6,135"
Custer,2037,"4,277"
Clear Creek,2037,"10,696"
Adams,2037,"678,058"
Denver,2037,"847,040"
Summit,2037,"34,582"
Douglas,2037,"445,318"
Chaffee,2037,"21,769"
Lincoln,2037,"6,092"
Phillips,2037,"4,468"
Jefferson,2037,"627,639"
Routt,2037,"32,303"
Boulder,2037,"374,404"
Dolores,2037,"1,888"
Gilpin,2037,"5,625"
Saguache,2037,"6,637"
Cheyenne,2037,"1,674"
Fremont,2037,"50,340"
Park,2037,"19,069"
Kiowa,2037,"1,357"
Otero,2037,"16,757"
Larimer,2037,"450,311"
Jackson,2038,"1,244"
Douglas,2038,"448,396"
Jefferson,2038,"629,288"
Pitkin,2038,"18,168"
Pueblo,2038,"188,028"
El Paso,2038,"913,736"
Gilpin,2038,"5,607"
Teller,2038,"27,923"
Fremont,2038,"50,473"
Broomfield,2038,"95,841"
Otero,2038,"16,606"
Custer,2038,"4,238"
Sedgwick,2038,"2,371"
Mineral,2038,916
Summit,2038,"34,821"
Alamosa,2038,"17,032"
Yuma,2038,"10,151"
San Juan,2038,661
Boulder,2038,"376,967"
Kit Carson,2038,"7,168"
Rio Grande,2038,"11,146"
Washington,2038,"4,793"
Cheyenne,2038,"1,668"
Eagle,2038,"65,499"
Logan,2038,"22,688"
Routt,2038,"32,703"
Grand,2038,"18,127"
Las Animas,2038,"13,269"
Conejos,2038,"7,063"
Costilla,2038,"3,150"
Montrose,2038,"53,058"
Clear Creek,2038,"10,776"
Larimer,2038,"455,348"
San Miguel,2038,"10,691"
Phillips,2038,"4,462"
Gunnison,2038,"19,250"
Elbert,2038,"37,665"
Prowers,2038,"11,041"
Hinsdale,2038,841
Weld,2038,"511,684"
Bent,2038,"5,422"
La Plata,2038,"71,548"
Archuleta,2038,"17,323"
Adams,2038,"688,336"
Park,2038,"19,057"
Rio Blanco,2038,"6,089"
Montezuma,2038,"28,841"
Huerfano,2038,"5,855"
Arapahoe,2038,"778,984"
Ouray,2038,"5,284"
Dolores,2038,"1,868"
Denver,2038,"851,628"
Lake,2038,"8,584"
Saguache,2038,"6,649"
Garfield,2038,"82,607"
Lincoln,2038,"6,095"
Mesa,2038,"201,107"
Moffat,2038,"12,374"
Delta,2038,"34,792"
Kiowa,2038,"1,347"
Crowley,2038,"6,117"
Baca,2038,"3,082"
Chaffee,2038,"21,853"
Morgan,2038,"33,113"
El Paso,2039,"922,463"
Gunnison,2039,"19,388"
Otero,2039,"16,455"
Alamosa,2039,"17,057"
Bent,2039,"5,410"
Boulder,2039,"379,447"
Las Animas,2039,"13,140"
Custer,2039,"4,204"
Larimer,2039,"460,320"
Hinsdale,2039,842
Arapahoe,2039,"785,031"
Teller,2039,"28,023"
Conejos,2039,"7,039"
Jackson,2039,"1,238"
Routt,2039,"33,088"
Baca,2039,"3,070"
Dolores,2039,"1,859"
Washington,2039,"4,759"
Delta,2039,"34,962"
Saguache,2039,"6,668"
Pitkin,2039,"18,216"
La Plata,2039,"72,305"
San Miguel,2039,"10,809"
Moffat,2039,"12,314"
Weld,2039,"521,311"
Morgan,2039,"33,301"
Adams,2039,"698,529"
Montrose,2039,"53,476"
Eagle,2039,"66,130"
Sedgwick,2039,"2,365"
Lake,2039,"8,625"
Elbert,2039,"37,810"
Costilla,2039,"3,133"
Garfield,2039,"83,927"
Logan,2039,"22,750"
Mesa,2039,"203,677"
San Juan,2039,659
Clear Creek,2039,"10,852"
Rio Blanco,2039,"6,058"
Pueblo,2039,"188,830"
Archuleta,2039,"17,567"
Prowers,2039,"10,966"
Montezuma,2039,"28,950"
Huerfano,2039,"5,744"
Lincoln,2039,"6,102"
Ouray,2039,"5,325"
Park,2039,"19,040"
Yuma,2039,"10,152"
Broomfield,2039,"95,814"
Kiowa,2039,"1,337"
Kit Carson,2039,"7,180"
Crowley,2039,"6,133"
Gilpin,2039,"5,587"
Fremont,2039,"50,596"
Douglas,2039,"451,234"
Denver,2039,"855,784"
Grand,2039,"18,261"
Cheyenne,2039,"1,658"
Jefferson,2039,"630,781"
Phillips,2039,"4,443"
Summit,2039,"35,055"
Rio Grande,2039,"11,090"
Chaffee,2039,"21,935"
Mineral,2039,919
Kiowa,2040,"1,327"
Larimer,2040,"465,225"
Adams,2040,"708,641"
Kit Carson,2040,"7,190"
Cheyenne,2040,"1,650"
Teller,2040,"28,123"
Lincoln,2040,"6,102"
Ouray,2040,"5,356"
Broomfield,2040,"95,747"
Montrose,2040,"53,869"
Mesa,2040,"206,151"
Baca,2040,"3,053"
Eagle,2040,"66,725"
Washington,2040,"4,716"
Conejos,2040,"7,014"
Morgan,2040,"33,485"
Rio Grande,2040,"11,015"
Pueblo,2040,"189,576"
Routt,2040,"33,461"
Delta,2040,"35,128"
Grand,2040,"18,391"
Otero,2040,"16,302"
Gilpin,2040,"5,562"
Costilla,2040,"3,118"
Jackson,2040,"1,232"
Crowley,2040,"6,140"
Lake,2040,"8,655"
Sedgwick,2040,"2,361"
Arapahoe,2040,"790,629"
Huerfano,2040,"5,633"
Saguache,2040,"6,679"
Summit,2040,"35,274"
Custer,2040,"4,161"
Hinsdale,2040,835
Chaffee,2040,"22,011"
Prowers,2040,"10,886"
Douglas,2040,"453,812"
Clear Creek,2040,"10,924"
Weld,2040,"530,833"
Jefferson,2040,"632,139"
San Juan,2040,663
La Plata,2040,"73,044"
Pitkin,2040,"18,267"
Elbert,2040,"37,888"
Moffat,2040,"12,258"
Alamosa,2040,"17,073"
Dolores,2040,"1,842"
Rio Blanco,2040,"6,018"
Mineral,2040,915
Fremont,2040,"50,729"
El Paso,2040,"930,816"
Gunnison,2040,"19,515"
Archuleta,2040,"17,819"
Park,2040,"19,011"
Boulder,2040,"381,850"
Phillips,2040,"4,439"
Yuma,2040,"10,140"
San Miguel,2040,"10,914"
Logan,2040,"22,791"
Las Animas,2040,"13,002"
Garfield,2040,"85,224"
Denver,2040,"859,004"
Montezuma,2040,"29,048"
Bent,2040,"5,408"
Kit Carson,2041,"7,200"
Yuma,2041,"10,124"
Clear Creek,2041,"10,986"
Morgan,2041,"33,666"
El Paso,2041,"938,801"
Washington,2041,"4,686"
San Miguel,2041,"11,016"
Douglas,2041,"456,121"
Larimer,2041,"470,052"
Adams,2041,"718,670"
Kiowa,2041,"1,321"
Boulder,2041,"384,166"
Delta,2041,"35,291"
Eagle,2041,"67,300"
Las Animas,2041,"12,860"
Lake,2041,"8,689"
Huerfano,2041,"5,519"
Pueblo,2041,"190,277"
Garfield,2041,"86,514"
Weld,2041,"540,226"
Lincoln,2041,"6,107"
Gunnison,2041,"19,642"
Bent,2041,"5,401"
Pitkin,2041,"18,305"
Rio Grande,2041,"10,954"
Otero,2041,"16,133"
Mineral,2041,907
Arapahoe,2041,"795,758"
Mesa,2041,"208,556"
Grand,2041,"18,525"
Chaffee,2041,"22,092"
Sedgwick,2041,"2,355"
Summit,2041,"35,493"
Conejos,2041,"6,993"
Phillips,2041,"4,424"
Jefferson,2041,"633,329"
Logan,2041,"22,846"
Archuleta,2041,"18,055"
Routt,2041,"33,819"
Cheyenne,2041,"1,639"
Moffat,2041,"12,193"
Montezuma,2041,"29,145"
Denver,2041,"861,303"
Baca,2041,"3,042"
San Juan,2041,668
Rio Blanco,2041,"5,979"
Gilpin,2041,"5,541"
La Plata,2041,"73,771"
Prowers,2041,"10,814"
Saguache,2041,"6,689"
Costilla,2041,"3,099"
Montrose,2041,"54,228"
Broomfield,2041,"95,648"
Custer,2041,"4,119"
Park,2041,"18,972"
Fremont,2041,"50,851"
Ouray,2041,"5,398"
Jackson,2041,"1,228"
Crowley,2041,"6,144"
Teller,2041,"28,228"
Hinsdale,2041,838
Alamosa,2041,"17,094"
Dolores,2041,"1,828"
Elbert,2041,"37,898"
Weld,2042,"549,518"
Saguache,2042,"6,692"
Custer,2042,"4,080"
Sedgwick,2042,"2,357"
Otero,2042,"15,970"
Broomfield,2042,"95,510"
Rio Blanco,2042,"5,943"
Montezuma,2042,"29,233"
Lincoln,2042,"6,115"
Conejos,2042,"6,961"
Chaffee,2042,"22,175"
Baca,2042,"3,027"
Eagle,2042,"67,838"
Alamosa,2042,"17,107"
Bent,2042,"5,389"
Garfield,2042,"87,730"
Huerfano,2042,"5,406"
Lake,2042,"8,722"
Montrose,2042,"54,554"
Kiowa,2042,"1,315"
Yuma,2042,"10,110"
Larimer,2042,"474,832"
Clear Creek,2042,"11,055"
Logan,2042,"22,896"
Archuleta,2042,"18,281"
Dolores,2042,"1,812"
Douglas,2042,"458,176"
Costilla,2042,"3,087"
Denver,2042,"862,412"
San Juan,2042,669
Mineral,2042,905
Pueblo,2042,"190,917"
Pitkin,2042,"18,349"
Fremont,2042,"50,974"
Kit Carson,2042,"7,206"
Ouray,2042,"5,430"
Morgan,2042,"33,835"
Adams,2042,"728,548"
Park,2042,"18,942"
Washington,2042,"4,644"
Mesa,2042,"210,865"
El Paso,2042,"946,389"
Crowley,2042,"6,158"
Hinsdale,2042,845
Delta,2042,"35,430"
Teller,2042,"28,328"
Jefferson,2042,"634,386"
Rio Grande,2042,"10,871"
Prowers,2042,"10,731"
Boulder,2042,"386,292"
Moffat,2042,"12,121"
Routt,2042,"34,160"
Summit,2042,"35,703"
Phillips,2042,"4,423"
Grand,2042,"18,641"
Gilpin,2042,"5,523"
Gunnison,2042,"19,746"
Las Animas,2042,"12,720"
Cheyenne,2042,"1,629"
Arapahoe,2042,"800,427"
Jackson,2042,"1,223"
La Plata,2042,"74,484"
Elbert,2042,"37,904"
San Miguel,2042,"11,109"
Washington,2043,"4,606"
San Miguel,2043,"11,195"
Montrose,2043,"54,852"
Cheyenne,2043,"1,620"
Fremont,2043,"51,100"
Mineral,2043,903
Adams,2043,"738,267"
Pueblo,2043,"191,515"
San Juan,2043,671
Bent,2043,"5,387"
Montezuma,2043,"29,315"
Moffat,2043,"12,057"
Archuleta,2043,"18,505"
Delta,2043,"35,570"
Crowley,2043,"6,158"
El Paso,2043,"953,614"
Lincoln,2043,"6,136"
Boulder,2043,"388,238"
Jackson,2043,"1,210"
Denver,2043,"862,312"
Dolores,2043,"1,796"
Logan,2043,"22,947"
Summit,2043,"35,922"
Park,2043,"18,902"
Las Animas,2043,"12,574"
Custer,2043,"4,043"
Clear Creek,2043,"11,101"
Saguache,2043,"6,712"
Ouray,2043,"5,469"
Larimer,2043,"479,542"
Broomfield,2043,"95,339"
Lake,2043,"8,748"
La Plata,2043,"75,193"
Yuma,2043,"10,086"
Huerfano,2043,"5,303"
Conejos,2043,"6,935"
Prowers,2043,"10,648"
Gilpin,2043,"5,504"
Mesa,2043,"213,104"
Douglas,2043,"459,972"
Baca,2043,"3,017"
Kiowa,2043,"1,306"
Hinsdale,2043,839
Otero,2043,"15,800"
Teller,2043,"28,426"
Kit Carson,2043,"7,223"
Garfield,2043,"88,879"
Rio Blanco,2043,"5,902"
Weld,2043,"558,685"
Jefferson,2043,"635,305"
Routt,2043,"34,495"
Costilla,2043,"3,070"
Gunnison,2043,"19,844"
Sedgwick,2043,"2,349"
Alamosa,2043,"17,115"
Pitkin,2043,"18,399"
Eagle,2043,"68,358"
Arapahoe,2043,"804,864"
Chaffee,2043,"22,235"
Phillips,2043,"4,413"
Morgan,2043,"33,992"
Rio Grande,2043,"10,783"
Elbert,2043,"37,896"
Grand,2043,"18,762"
Elbert,2044,"37,875"
Custer,2044,"4,009"
Crowley,2044,"6,175"
Mesa,2044,"215,254"
Huerfano,2044,"5,201"
Moffat,2044,"11,983"
Phillips,2044,"4,400"
Prowers,2044,"10,562"
Clear Creek,2044,"11,153"
Garfield,2044,"89,952"
Gunnison,2044,"19,944"
Las Animas,2044,"12,413"
Rio Blanco,2044,"5,864"
Montrose,2044,"55,106"
Ouray,2044,"5,513"
Morgan,2044,"34,150"
Baca,2044,"3,004"
Douglas,2044,"461,524"
Jefferson,2044,"636,089"
Washington,2044,"4,569"
Denver,2044,"860,995"
Dolores,2044,"1,786"
Hinsdale,2044,849
Pueblo,2044,"192,060"
Logan,2044,"22,989"
Delta,2044,"35,696"
Park,2044,"18,866"
Mineral,2044,897
San Juan,2044,673
San Miguel,2044,"11,273"
Eagle,2044,"68,840"
Pitkin,2044,"18,447"
Grand,2044,"18,869"
Jackson,2044,"1,213"
El Paso,2044,"960,462"
Broomfield,2044,"95,146"
Lincoln,2044,"6,166"
Costilla,2044,"3,055"
Cheyenne,2044,"1,606"
La Plata,2044,"75,886"
Fremont,2044,"51,232"
Boulder,2044,"389,991"
Bent,2044,"5,375"
Arapahoe,2044,"809,093"
Montezuma,2044,"29,401"
Archuleta,2044,"18,718"
Routt,2044,"34,809"
Teller,2044,"28,533"
Yuma,2044,"10,060"
Adams,2044,"747,860"
Conejos,2044,"6,907"
Sedgwick,2044,"2,343"
Lake,2044,"8,777"
Chaffee,2044,"22,297"
Larimer,2044,"484,200"
Saguache,2044,"6,723"
Summit,2044,"36,128"
Kit Carson,2044,"7,236"
Weld,2044,"567,733"
Rio Grande,2044,"10,704"
Alamosa,2044,"17,123"
Gilpin,2044,"5,471"
Kiowa,2044,"1,292"
Otero,2044,"15,635"
Las Animas,2045,"12,257"
Fremont,2045,"51,359"
Lincoln,2045,"6,201"
Delta,2045,"35,815"
Morgan,2045,"34,301"
Huerfano,2045,"5,095"
Yuma,2045,"10,029"
Crowley,2045,"6,181"
Jefferson,2045,"636,766"
Kit Carson,2045,"7,246"
El Paso,2045,"966,947"
Logan,2045,"23,029"
Broomfield,2045,"94,924"
Chaffee,2045,"22,359"
Hinsdale,2045,853
Lake,2045,"8,799"
Cheyenne,2045,"1,595"
Montezuma,2045,"29,486"
Prowers,2045,"10,475"
Weld,2045,"576,655"
Custer,2045,"3,965"
Douglas,2045,"462,852"
Kiowa,2045,"1,287"
Mineral,2045,888
La Plata,2045,"76,573"
Ouray,2045,"5,543"
Gilpin,2045,"5,449"
Garfield,2045,"90,958"
Sedgwick,2045,"2,340"
Clear Creek,2045,"11,192"
Jackson,2045,"1,200"
Park,2045,"18,823"
Montrose,2045,"55,333"
Moffat,2045,"11,915"
San Juan,2045,675
Rio Blanco,2045,"5,827"
Phillips,2045,"4,398"
Arapahoe,2045,"813,101"
Pueblo,2045,"192,565"
Rio Grande,2045,"10,602"
Larimer,2045,"488,809"
Boulder,2045,"391,554"
Mesa,2045,"217,324"
Adams,2045,"757,294"
Routt,2045,"35,102"
Saguache,2045,"6,729"
Denver,2045,"859,564"
Costilla,2045,"3,035"
Teller,2045,"28,641"
Grand,2045,"18,982"
Eagle,2045,"69,285"
Archuleta,2045,"18,926"
Bent,2045,"5,367"
Conejos,2045,"6,869"
Summit,2045,"36,326"
Gunnison,2045,"20,034"
Alamosa,2045,"17,135"
Otero,2045,"15,476"
San Miguel,2045,"11,338"
Dolores,2045,"1,775"
Washington,2045,"4,524"
Pitkin,2045,"18,502"
Elbert,2045,"37,856"
Baca,2045,"2,991"
Saguache,2046,"6,746"
Arapahoe,2046,"816,915"
Moffat,2046,"11,842"
Kit Carson,2046,"7,261"
Rio Grande,2046,"10,509"
San Miguel,2046,"11,397"
Kiowa,2046,"1,285"
Huerfano,2046,"4,994"
Delta,2046,"35,931"
Washington,2046,"4,471"
Mesa,2046,"219,323"
Lincoln,2046,"6,232"
Clear Creek,2046,"11,234"
Morgan,2046,"34,456"
Pueblo,2046,"193,033"
Gunnison,2046,"20,119"
Denver,2046,"858,041"
Otero,2046,"15,304"
Chaffee,2046,"22,411"
Logan,2046,"23,067"
Lake,2046,"8,823"
Costilla,2046,"3,018"
Bent,2046,"5,370"
San Juan,2046,678
Grand,2046,"19,083"
Gilpin,2046,"5,427"
Eagle,2046,"69,722"
Alamosa,2046,"17,138"
Douglas,2046,"463,970"
Weld,2046,"585,471"
Larimer,2046,"493,355"
Elbert,2046,"37,826"
Montrose,2046,"55,531"
Phillips,2046,"4,390"
El Paso,2046,"973,075"
Custer,2046,"3,924"
Jefferson,2046,"637,331"
Garfield,2046,"91,887"
Routt,2046,"35,386"
Mineral,2046,885
Pitkin,2046,"18,560"
Jackson,2046,"1,203"
Las Animas,2046,"12,097"
Cheyenne,2046,"1,584"
Montezuma,2046,"29,572"
Conejos,2046,"6,844"
Ouray,2046,"5,591"
Crowley,2046,"6,187"
Broomfield,2046,"94,685"
Dolores,2046,"1,753"
Yuma,2046,"9,998"
Prowers,2046,"10,381"
Park,2046,"18,782"
Teller,2046,"28,734"
Archuleta,2046,"19,125"
Rio Blanco,2046,"5,786"
Sedgwick,2046,"2,337"
Boulder,2046,"392,931"
Adams,2046,"766,608"
Fremont,2046,"51,492"
Summit,2046,"36,530"
Hinsdale,2046,848
La Plata,2046,"77,242"
Baca,2046,"2,978"
Pueblo,2047,"193,458"
Gunnison,2047,"20,218"
Huerfano,2047,"4,896"
Ouray,2047,"5,630"
Gilpin,2047,"5,398"
Grand,2047,"19,180"
Adams,2047,"775,785"
Custer,2047,"3,891"
Alamosa,2047,"17,142"
Baca,2047,"2,964"
Jackson,2047,"1,197"
San Juan,2047,678
Delta,2047,"36,037"
Denver,2047,"856,478"
Moffat,2047,"11,763"
Kit Carson,2047,"7,276"
Conejos,2047,"6,806"
Prowers,2047,"10,295"
Dolores,2047,"1,742"
Saguache,2047,"6,760"
Routt,2047,"35,655"
Clear Creek,2047,"11,270"
Chaffee,2047,"22,459"
Boulder,2047,"394,141"
Fremont,2047,"51,633"
Arapahoe,2047,"819,830"
Teller,2047,"28,854"
San Miguel,2047,"11,456"
Mesa,2047,"221,238"
Lake,2047,"8,839"
Kiowa,2047,"1,281"
Larimer,2047,"497,837"
Hinsdale,2047,846
Jefferson,2047,"637,492"
Cheyenne,2047,"1,572"
Crowley,2047,"6,203"
Otero,2047,"15,144"
Montrose,2047,"55,691"
Eagle,2047,"70,115"
Summit,2047,"36,718"
Yuma,2047,"9,971"
Morgan,2047,"34,613"
Bent,2047,"5,356"
Weld,2047,"594,173"
Lincoln,2047,"6,266"
Montezuma,2047,"29,652"
Archuleta,2047,"19,316"
Pitkin,2047,"18,609"
Park,2047,"18,739"
Garfield,2047,"92,745"
Costilla,2047,"3,004"
La Plata,2047,"77,896"
Elbert,2047,"37,792"
Phillips,2047,"4,382"
Mineral,2047,878
Rio Blanco,2047,"5,735"
Logan,2047,"23,100"
Broomfield,2047,"94,462"
Las Animas,2047,"11,940"
Douglas,2047,"464,889"
Rio Grande,2047,"10,403"
Washington,2047,"4,427"
El Paso,2047,"978,863"
Sedgwick,2047,"2,338"
Routt,2048,"35,909"
Jefferson,2048,"637,334"
Bent,2048,"5,350"
Huerfano,2048,"4,807"
Delta,2048,"36,142"
Morgan,2048,"34,767"
Baca,2048,"2,944"
Jackson,2048,"1,188"
Logan,2048,"23,134"
Las Animas,2048,"11,772"
Mineral,2048,870
Rio Grande,2048,"10,300"
La Plata,2048,"78,548"
Clear Creek,2048,"11,291"
Garfield,2048,"93,539"
Washington,2048,"4,373"
Gilpin,2048,"5,379"
Crowley,2048,"6,211"
Ouray,2048,"5,665"
Kiowa,2048,"1,273"
Saguache,2048,"6,772"
Eagle,2048,"70,488"
Arapahoe,2048,"822,581"
Sedgwick,2048,"2,335"
Kit Carson,2048,"7,283"
Archuleta,2048,"19,503"
Adams,2048,"784,836"
Mesa,2048,"223,093"
Pitkin,2048,"18,672"
El Paso,2048,"984,298"
Broomfield,2048,"94,225"
Conejos,2048,"6,777"
Elbert,2048,"37,752"
Prowers,2048,"10,196"
Chaffee,2048,"22,508"
Douglas,2048,"465,643"
Park,2048,"18,699"
Dolores,2048,"1,732"
Summit,2048,"36,906"
Costilla,2048,"2,980"
Lake,2048,"8,855"
Gunnison,2048,"20,300"
Larimer,2048,"502,244"
Montezuma,2048,"29,728"
Otero,2048,"14,985"
Hinsdale,2048,847
Denver,2048,"854,896"
Teller,2048,"28,962"
San Juan,2048,682
Fremont,2048,"51,765"
Boulder,2048,"395,173"
Lincoln,2048,"6,302"
Grand,2048,"19,279"
Moffat,2048,"11,685"
Alamosa,2048,"17,143"
Rio Blanco,2048,"5,698"
Cheyenne,2048,"1,557"
Custer,2048,"3,850"
Montrose,2048,"55,824"
San Miguel,2048,"11,504"
Yuma,2048,"9,936"
Phillips,2048,"4,375"
Weld,2048,"602,765"
Pueblo,2048,"193,861"
Fremont,2049,"51,911"
Weld,2049,"611,246"
Ouray,2049,"5,716"
Garfield,2049,"94,242"
Lake,2049,"8,882"
Elbert,2049,"37,708"
Delta,2049,"36,228"
Montezuma,2049,"29,817"
Crowley,2049,"6,221"
Baca,2049,"2,939"
Douglas,2049,"466,227"
Alamosa,2049,"17,143"
Eagle,2049,"70,845"
La Plata,2049,"79,183"
Summit,2049,"37,085"
Chaffee,2049,"22,548"
Saguache,2049,"6,791"
Park,2049,"18,670"
Larimer,2049,"506,589"
Moffat,2049,"11,607"
Jefferson,2049,"637,090"
San Juan,2049,678
El Paso,2049,"989,383"
Dolores,2049,"1,715"
Hinsdale,2049,854
Bent,2049,"5,345"
Otero,2049,"14,817"
Gilpin,2049,"5,362"
Costilla,2049,"2,956"
Cheyenne,2049,"1,546"
Denver,2049,"853,304"
Clear Creek,2049,"11,320"
Lincoln,2049,"6,336"
Jackson,2049,"1,185"
Yuma,2049,"9,900"
Teller,2049,"29,082"
Montrose,2049,"55,924"
Adams,2049,"793,782"
Custer,2049,"3,814"
Mesa,2049,"224,867"
Morgan,2049,"34,925"
Mineral,2049,860
Rio Grande,2049,"10,183"
Gunnison,2049,"20,393"
San Miguel,2049,"11,546"
Pueblo,2049,"194,221"
Phillips,2049,"4,368"
Boulder,2049,"396,041"
Washington,2049,"4,321"
Prowers,2049,"10,097"
Arapahoe,2049,"825,209"
Pitkin,2049,"18,726"
Grand,2049,"19,372"
Conejos,2049,"6,735"
Routt,2049,"36,155"
Las Animas,2049,"11,617"
Kit Carson,2049,"7,296"
Sedgwick,2049,"2,334"
Rio Blanco,2049,"5,654"
Huerfano,2049,"4,706"
Logan,2049,"23,166"
Kiowa,2049,"1,266"
Archuleta,2049,"19,678"
Broomfield,2049,"93,978"
Alamosa,2050,"17,142"
Routt,2050,"36,379"
Weld,2050,"619,624"
Montezuma,2050,"29,894"
Teller,2050,"29,192"
Boulder,2050,"396,766"
Clear Creek,2050,"11,329"
Dolores,2050,"1,700"
Moffat,2050,"11,541"
La Plata,2050,"79,820"
Pueblo,2050,"194,564"
Lincoln,2050,"6,370"
Phillips,2050,"4,366"
Las Animas,2050,"11,468"
Montrose,2050,"55,996"
Archuleta,2050,"19,855"
Kiowa,2050,"1,260"
Custer,2050,"3,782"
San Juan,2050,692
Mineral,2050,851
Morgan,2050,"35,086"
Washington,2050,"4,277"
Elbert,2050,"37,670"
Mesa,2050,"226,581"
Conejos,2050,"6,703"
Jefferson,2050,"636,783"
Gilpin,2050,"5,332"
Kit Carson,2050,"7,311"
Eagle,2050,"71,179"
Jackson,2050,"1,179"
Fremont,2050,"52,053"
Garfield,2050,"94,890"
Denver,2050,"850,636"
Logan,2050,"23,190"
Ouray,2050,"5,751"
Grand,2050,"19,465"
Prowers,2050,"10,001"
Gunnison,2050,"20,477"
Sedgwick,2050,"2,336"
Cheyenne,2050,"1,537"
Adams,2050,"802,623"
Douglas,2050,"466,672"
Huerfano,2050,"4,616"
Park,2050,"18,631"
Bent,2050,"5,340"
Otero,2050,"14,654"
Lake,2050,"8,892"
Rio Blanco,2050,"5,610"
San Miguel,2050,"11,579"
Summit,2050,"37,255"
Yuma,2050,"9,857"
Rio Grande,2050,"10,069"
Crowley,2050,"6,225"
Broomfield,2050,"93,717"
Delta,2050,"36,316"
Baca,2050,"2,928"
El Paso,2050,"994,140"
Pitkin,2050,"18,787"
Hinsdale,2050,859
Arapahoe,2050,"827,721"
Saguache,2050,"6,809"
Larimer,2050,"510,876"
Costilla,2050,"2,941"
Chaffee,2050,"22,593"
